article_id,index,llm_assessment,llm_confidence,llm_explanation,llm_model,llm_error
182,541,is-not-biased,80,llama4:scout,
123,226,is-not-biased,80,llama4:scout,
167,225,is-not-biased,80,llama4:scout,
7,540,is-biased,60,llama4:scout,
97,227,is-not-biased,100,llama4:scout,
142,542,is-biased,70,llama4:scout,
111,228,is-biased,80,llama4:scout,
111,543,is-biased,80,llama4:scout,
123,544,is-not-biased,80,llama4:scout,
57,230,is-not-biased,100,llama4:scout,
193,545,is-not-biased,90,llama4:scout,
13,229,is-not-biased,90,llama4:scout,
268,546,is-biased,80,llama4:scout,
115,231,is-not-biased,90,llama4:scout,
165,232,is-biased,70,llama4:scout,
116,547,is-biased,70,llama4:scout,
271,233,is-not-biased,90,llama4:scout,
89,234,is-not-biased,80,llama4:scout,
272,548,is-not-biased,80,llama4:scout,
36,549,is-biased,20,llama4:scout,
81,235,is-not-biased,90,llama4:scout,
204,236,is-biased,80,llama4:scout,
105,550,is-not-biased,80,llama4:scout,
6,551,is-biased,60,llama4:scout,
133,237,is-not-biased,80,llama4:scout,
246,552,is-not-biased,90,llama4:scout,
94,553,is-not-biased,80,llama4:scout,
116,238,is-biased,70,llama4:scout,
242,239,is-not-biased,90,llama4:scout,
193,555,is-not-biased,90,llama4:scout,
50,240,is-biased,80,llama4:scout,
120,554,is-biased,80,llama4:scout,
155,241,is-not-biased,100,llama4:scout,
25,556,is-biased,70,llama4:scout,
274,557,is-biased,80,llama4:scout,
160,243,is-not-biased,80,llama4:scout,
100,558,is-not-biased,80,llama4:scout,
151,242,is-not-biased,90,llama4:scout,
172,244,is-not-biased,90,llama4:scout,
196,560,is-biased,80,llama4:scout,
181,1462,is-not-biased,90,llama4:scout,
2,371,is-not-biased,100,llama4:scout,
221,99,is-not-biased,100,llama4:scout,
167,1021,is-not-biased,80,llama4:scout,
245,1777,is-biased,80,llama4:scout,
136,100,is-not-biased,90,llama4:scout,
91,372,is-not-biased,100,llama4:scout,
122,1022,is-biased,70,llama4:scout,
106,101,is-not-biased,80,llama4:scout,
28,1778,is-not-biased,80,llama4:scout,
25,1463,is-biased,70,llama4:scout,
153,373,is-not-biased,90,llama4:scout,
195,1023,is-not-biased,90,llama4:scout,
20,1464,is-biased,60,llama4:scout,
157,102,is-biased,60,llama4:scout,
63,374,is-not-biased,80,llama4:scout,
112,1779,is-biased,80,llama4:scout,
179,1465,is-not-biased,80,llama4:scout,
123,103,is-not-biased,80,llama4:scout,
112,1780,is-biased,80,llama4:scout,
151,1024,is-not-biased,90,llama4:scout,
125,375,is-not-biased,90,llama4:scout,
98,1466,is-not-biased,80,llama4:scout,
9,1025,is-not-biased,80,llama4:scout,
115,1781,is-not-biased,90,llama4:scout,
2,104,is-not-biased,100,llama4:scout,
9,376,is-not-biased,80,llama4:scout,
281,1026,is-not-biased,90,llama4:scout,
54,1782,is-not-biased,80,llama4:scout,
233,1467,is-not-biased,80,llama4:scout,
59,105,is-not-biased,80,llama4:scout,
230,377,is-not-biased,100,llama4:scout,
161,1027,is-not-biased,80,llama4:scout,
185,1468,is-not-biased,80,llama4:scout,
193,1783,is-not-biased,90,llama4:scout,
187,106,is-not-biased,100,llama4:scout,
162,378,is-not-biased,80,llama4:scout,
245,1469,is-biased,80,llama4:scout,
86,1028,is-not-biased,100,llama4:scout,
111,1784,is-biased,80,llama4:scout,
65,379,is-biased,80,llama4:scout,
69,107,is-not-biased,80,llama4:scout,
33,1470,is-not-biased,80,llama4:scout,
77,1029,is-not-biased,100,llama4:scout,
116,1785,is-biased,80,llama4:scout,
237,1030,is-not-biased,90,llama4:scout,
128,108,is-not-biased,90,llama4:scout,
78,380,is-not-biased,80,llama4:scout,
278,1786,is-biased,70,llama4:scout,
130,1471,is-not-biased,80,llama4:scout,
88,381,is-biased,80,llama4:scout,
13,109,is-not-biased,90,llama4:scout,
205,1031,is-not-biased,90,llama4:scout,
193,1472,is-not-biased,90,llama4:scout,
7,110,is-biased,60,llama4:scout,
276,1787,is-not-biased,90,llama4:scout,
198,382,is-not-biased,90,llama4:scout,
275,1032,is-biased,80,llama4:scout,
191,1473,is-biased,70,llama4:scout,
160,111,is-not-biased,80,llama4:scout,
112,383,is-biased,80,llama4:scout,
162,1033,is-not-biased,80,llama4:scout,
112,1788,is-biased,80,llama4:scout,
235,1474,is-not-biased,80,llama4:scout,
112,1789,is-biased,80,llama4:scout,
92,112,is-not-biased,100,llama4:scout,
145,1034,is-biased,80,llama4:scout,
131,384,is-biased,80,llama4:scout,
54,1790,is-not-biased,80,llama4:scout,
208,113,is-not-biased,90,llama4:scout,
133,385,is-not-biased,80,llama4:scout,
151,1475,is-not-biased,90,llama4:scout,
248,1476,is-biased,70,llama4:scout,
193,1791,is-not-biased,90,llama4:scout,
132,1035,is-biased,60,llama4:scout,
130,114,is-not-biased,80,llama4:scout,
116,386,is-biased,70,llama4:scout,
101,1036,is-not-biased,100,llama4:scout,
90,1477,is-biased,80,llama4:scout,
50,1792,is-biased,80,llama4:scout,
159,1037,is-not-biased,80,llama4:scout,
116,115,is-biased,70,llama4:scout,
241,1478,is-not-biased,90,llama4:scout,
11,387,is-not-biased,90,llama4:scout,
244,1038,is-not-biased,90,llama4:scout,
276,1793,is-not-biased,90,llama4:scout,
69,116,is-biased,80,llama4:scout,
74,388,is-not-biased,80,llama4:scout,
163,1479,is-not-biased,90,llama4:scout,
50,1794,is-biased,80,llama4:scout,
119,1039,is-not-biased,80,llama4:scout,
60,117,is-biased,70,llama4:scout,
29,389,is-biased,80,llama4:scout,
136,1480,is-not-biased,90,llama4:scout,
52,1795,is-not-biased,80,llama4:scout,
79,1040,is-not-biased,100,llama4:scout,
181,118,is-not-biased,90,llama4:scout,
266,390,is-not-biased,90,llama4:scout,
136,1481,is-not-biased,90,llama4:scout,
113,1796,is-biased,70,llama4:scout,
163,119,is-not-biased,90,llama4:scout,
139,391,is-biased,80,llama4:scout,
115,1041,is-not-biased,90,llama4:scout,
81,1482,is-not-biased,90,llama4:scout,
205,1797,is-not-biased,90,llama4:scout,
184,392,is-not-biased,90,llama4:scout,
95,120,is-not-biased,90,llama4:scout,
22,1042,is-not-biased,80,llama4:scout,
235,121,is-not-biased,90,llama4:scout,
276,1798,is-not-biased,90,llama4:scout,
10,1483,is-not-biased,90,llama4:scout,
121,393,is-not-biased,80,llama4:scout,
157,1043,is-biased,60,llama4:scout,
34,1484,is-not-biased,80,llama4:scout,
205,1799,is-not-biased,90,llama4:scout,
156,122,is-not-biased,80,llama4:scout,
114,394,is-not-biased,90,llama4:scout,
180,1044,is-not-biased,80,llama4:scout,
133,1485,is-not-biased,80,llama4:scout,
50,1800,is-biased,80,llama4:scout,
7,123,is-biased,70,llama4:scout,
135,395,is-not-biased,100,llama4:scout,
122,1045,is-biased,70,llama4:scout,
21,1486,is-not-biased,80,llama4:scout,
265,1801,is-biased,80,llama4:scout,
277,124,is-not-biased,100,llama4:scout,
263,396,is-not-biased,80,llama4:scout,
258,1046,is-not-biased,90,llama4:scout,
267,1487,is-not-biased,100,llama4:scout,
30,1802,is-not-biased,100,llama4:scout,
161,125,is-not-biased,80,llama4:scout,
230,397,is-not-biased,100,llama4:scout,
143,1047,is-biased,70,llama4:scout,
205,1803,is-not-biased,90,llama4:scout,
146,126,is-not-biased,90,llama4:scout,
137,1488,is-not-biased,90,llama4:scout,
265,1048,is-biased,80,llama4:scout,
20,398,is-biased,60,llama4:scout,
136,1489,is-not-biased,90,llama4:scout,
212,1804,is-biased,80,llama4:scout,
211,127,is-biased,80,llama4:scout,
23,399,is-not-biased,80,llama4:scout,
80,1490,is-not-biased,80,llama4:scout,
116,1805,is-biased,70,llama4:scout,
197,128,is-biased,80,llama4:scout,
273,400,is-biased,80,llama4:scout,
151,1049,is-not-biased,90,llama4:scout,
204,1050,is-biased,80,llama4:scout,
74,1491,is-not-biased,80,llama4:scout,
57,1806,is-not-biased,100,llama4:scout,
123,129,is-not-biased,80,llama4:scout,
280,401,is-not-biased,90,llama4:scout,
153,1051,is-not-biased,80,llama4:scout,
193,1807,is-not-biased,90,llama4:scout,
131,1492,is-biased,80,llama4:scout,
119,130,is-not-biased,80,llama4:scout,
265,402,is-biased,80,llama4:scout,
277,1052,is-not-biased,100,llama4:scout,
74,1493,is-not-biased,80,llama4:scout,
116,1808,is-biased,80,llama4:scout,
69,131,is-biased,80,llama4:scout,
206,403,is-not-biased,90,llama4:scout,
92,1053,is-not-biased,100,llama4:scout,
47,1809,is-biased,80,llama4:scout,
133,1494,is-not-biased,80,llama4:scout,
247,132,is-not-biased,80,llama4:scout,
234,404,is-not-biased,100,llama4:scout,
22,1054,is-not-biased,80,llama4:scout,
29,1495,is-biased,80,llama4:scout,
265,1810,is-biased,80,llama4:scout,
142,133,is-biased,70,llama4:scout,
18,405,is-not-biased,100,llama4:scout,
130,1496,is-not-biased,80,llama4:scout,
142,1055,is-biased,70,llama4:scout,
268,1811,is-biased,80,llama4:scout,
194,406,is-not-biased,100,llama4:scout,
5,134,is-not-biased,80,llama4:scout,
208,1056,is-not-biased,90,llama4:scout,
132,1497,is-biased,60,llama4:scout,
224,135,is-not-biased,90,llama4:scout,
262,1057,is-not-biased,80,llama4:scout,
110,1812,is-biased,80,llama4:scout,
132,407,is-biased,60,llama4:scout,
192,1813,is-not-biased,80,llama4:scout,
272,136,is-not-biased,80,llama4:scout,
158,408,is-not-biased,90,llama4:scout,
131,1498,is-biased,80,llama4:scout,
59,1058,is-not-biased,80,llama4:scout,
179,1499,is-not-biased,80,llama4:scout,
195,1814,is-not-biased,90,llama4:scout,
178,137,is-not-biased,90,llama4:scout,
127,409,is-not-biased,100,llama4:scout,
110,1059,is-biased,80,llama4:scout,
258,1500,is-not-biased,90,llama4:scout,
265,1815,is-biased,80,llama4:scout,
181,138,is-not-biased,90,llama4:scout,
123,410,is-not-biased,80,llama4:scout,
210,1060,is-not-biased,80,llama4:scout,
14,1501,is-biased,60,llama4:scout,
222,1816,is-not-biased,100,llama4:scout,
263,139,is-not-biased,80,llama4:scout,
175,411,is-not-biased,80,llama4:scout,
147,1061,is-not-biased,80,llama4:scout,
80,1502,is-not-biased,80,llama4:scout,
111,1817,is-biased,80,llama4:scout,
121,140,is-not-biased,80,llama4:scout,
118,412,is-not-biased,80,llama4:scout,
237,1062,is-not-biased,90,llama4:scout,
265,1818,is-biased,80,llama4:scout,
10,1503,is-not-biased,90,llama4:scout,
129,141,is-not-biased,90,llama4:scout,
152,1063,is-biased,80,llama4:scout,
29,1504,is-biased,80,llama4:scout,
45,1819,is-not-biased,80,llama4:scout,
22,1064,is-not-biased,80,llama4:scout,
123,142,is-not-biased,80,llama4:scout,
151,413,is-not-biased,90,llama4:scout,
76,414,is-not-biased,90,llama4:scout,
242,1505,is-not-biased,90,llama4:scout,
115,1820,is-not-biased,90,llama4:scout,
40,1065,is-biased,70,llama4:scout,
197,415,is-biased,80,llama4:scout,
86,143,is-not-biased,100,llama4:scout,
75,1506,is-not-biased,100,llama4:scout,
60,1066,is-not-biased,80,llama4:scout,
276,1821,is-not-biased,90,llama4:scout,
184,144,is-not-biased,90,llama4:scout,
266,416,is-not-biased,80,llama4:scout,
208,1507,is-not-biased,90,llama4:scout,
229,1067,is-not-biased,80,llama4:scout,
114,1822,is-not-biased,90,llama4:scout,
185,145,is-not-biased,80,llama4:scout,
99,417,is-not-biased,100,llama4:scout,
27,1823,is-biased,60,llama4:scout,
43,1508,is-not-biased,80,llama4:scout,
230,1068,is-not-biased,100,llama4:scout,
160,146,is-not-biased,80,llama4:scout,
129,1509,is-not-biased,80,llama4:scout,
3,418,is-not-biased,90,llama4:scout,
115,1824,is-not-biased,90,llama4:scout,
212,2017,is-biased,80,llama4:scout,
288,1654,is-biased,80,llama4:scout,
59,928,is-not-biased,80,llama4:scout,
147,929,is-not-biased,80,llama4:scout,
34,1655,is-not-biased,80,llama4:scout,
176,930,is-biased,80,llama4:scout,
71,1656,is-biased,80,llama4:scout,
61,2018,is-biased,70,llama4:scout,
50,2019,is-biased,80,llama4:scout,
279,931,is-biased,70,llama4:scout,
127,1657,is-not-biased,100,llama4:scout,
238,2020,is-not-biased,100,llama4:scout,
230,932,is-not-biased,100,llama4:scout,
50,2021,is-biased,80,llama4:scout,
73,1658,is-not-biased,80,llama4:scout,
40,933,is-biased,70,llama4:scout,
126,1659,is-not-biased,90,llama4:scout,
248,1660,is-biased,70,llama4:scout,
52,2022,is-not-biased,80,llama4:scout,
41,934,is-not-biased,80,llama4:scout,
268,2023,is-biased,80,llama4:scout,
43,1661,is-not-biased,80,llama4:scout,
59,2024,is-not-biased,80,llama4:scout,
166,935,is-biased,70,llama4:scout,
90,936,is-biased,80,llama4:scout,
60,937,is-biased,70,llama4:scout,
114,2025,is-not-biased,90,llama4:scout,
76,1662,is-not-biased,90,llama4:scout,
128,1663,is-not-biased,90,llama4:scout,
175,1664,is-not-biased,80,llama4:scout,
61,2026,is-biased,70,llama4:scout,
168,938,is-biased,70,llama4:scout,
193,2027,is-not-biased,90,llama4:scout,
60,939,is-biased,70,llama4:scout,
118,1665,is-not-biased,80,llama4:scout,
113,2028,is-biased,70,llama4:scout,
114,940,is-not-biased,90,llama4:scout,
60,2029,is-biased,70,llama4:scout,
142,941,is-biased,70,llama4:scout,
15,1666,is-not-biased,90,llama4:scout,
52,2030,is-not-biased,80,llama4:scout,
234,942,is-not-biased,90,llama4:scout,
125,1667,is-not-biased,90,llama4:scout,
288,1668,is-biased,80,llama4:scout,
116,2031,is-biased,70,llama4:scout,
214,943,is-biased,70,llama4:scout,
263,1669,is-not-biased,80,llama4:scout,
16,2032,is-not-biased,90,llama4:scout,
166,944,is-biased,70,llama4:scout,
70,1670,is-not-biased,90,llama4:scout,
211,2033,is-biased,80,llama4:scout,
253,945,is-not-biased,80,llama4:scout,
286,1671,is-not-biased,90,llama4:scout,
111,2034,is-biased,80,llama4:scout,
158,946,is-not-biased,90,llama4:scout,
74,1672,is-not-biased,80,llama4:scout,
71,947,is-biased,80,llama4:scout,
110,2035,is-biased,80,llama4:scout,
119,1673,is-not-biased,80,llama4:scout,
49,948,is-not-biased,80,llama4:scout,
215,2036,is-not-biased,90,llama4:scout,
122,1674,is-biased,70,llama4:scout,
57,2037,is-not-biased,100,llama4:scout,
63,949,is-not-biased,80,llama4:scout,
122,1675,is-biased,70,llama4:scout,
142,950,is-biased,70,llama4:scout,
118,1676,is-not-biased,80,llama4:scout,
50,2039,is-biased,80,llama4:scout,
51,2038,is-biased,70,llama4:scout,
88,951,is-biased,80,llama4:scout,
262,1677,is-not-biased,80,llama4:scout,
16,2040,is-not-biased,90,llama4:scout,
133,952,is-not-biased,80,llama4:scout,
66,1678,is-not-biased,90,llama4:scout,
114,2041,is-not-biased,90,llama4:scout,
105,953,is-not-biased,80,llama4:scout,
192,1679,is-not-biased,80,llama4:scout,
60,954,is-biased,70,llama4:scout,
110,2042,is-biased,80,llama4:scout,
16,2043,is-not-biased,90,llama4:scout,
268,1680,is-biased,80,llama4:scout,
118,955,is-not-biased,80,llama4:scout,
110,1681,is-biased,80,llama4:scout,
115,2044,is-not-biased,90,llama4:scout,
233,956,is-biased,80,llama4:scout,
245,2045,is-biased,80,llama4:scout,
278,1682,is-biased,80,llama4:scout,
76,957,is-not-biased,90,llama4:scout,
114,2046,is-not-biased,90,llama4:scout,
105,958,is-not-biased,80,llama4:scout,
51,1683,is-biased,70,llama4:scout,
19,1684,is-not-biased,100,llama4:scout,
195,2047,is-not-biased,90,llama4:scout,
162,959,is-not-biased,80,llama4:scout,
192,1685,is-not-biased,80,llama4:scout,
52,1686,is-not-biased,80,llama4:scout,
274,960,is-biased,80,llama4:scout,
12,2048,is-not-biased,90,llama4:scout,
62,2049,is-not-biased,80,llama4:scout,
114,961,is-not-biased,90,llama4:scout,
192,2050,is-not-biased,80,llama4:scout,
110,1687,is-biased,80,llama4:scout,
80,962,is-not-biased,80,llama4:scout,
114,1688,is-not-biased,90,llama4:scout,
54,2051,is-not-biased,80,llama4:scout,
139,963,is-biased,80,llama4:scout,
58,1689,is-not-biased,80,llama4:scout,
114,2052,is-not-biased,90,llama4:scout,
44,964,is-biased,80,llama4:scout,
110,1690,is-biased,80,llama4:scout,
205,1691,is-not-biased,90,llama4:scout,
171,965,is-biased,70,llama4:scout,
211,2054,is-biased,80,llama4:scout,
112,2053,is-biased,80,llama4:scout,
211,1692,is-biased,80,llama4:scout,
93,966,is-not-biased,80,llama4:scout,
265,2055,is-biased,80,llama4:scout,
3,967,is-not-biased,90,llama4:scout,
193,2056,is-not-biased,90,llama4:scout,
140,968,is-biased,70,llama4:scout,
114,1694,is-not-biased,90,llama4:scout,
110,1693,is-biased,80,llama4:scout,
111,2057,is-biased,80,llama4:scout,
71,969,is-biased,80,llama4:scout,
192,1695,is-not-biased,80,llama4:scout,
116,2058,is-biased,80,llama4:scout,
2,970,is-not-biased,100,llama4:scout,
265,1696,is-biased,80,llama4:scout,
245,2059,is-biased,80,llama4:scout,
192,1697,is-not-biased,80,llama4:scout,
146,971,is-not-biased,90,llama4:scout,
28,2060,is-not-biased,80,llama4:scout,
24,972,is-not-biased,100,llama4:scout,
211,1698,is-biased,80,llama4:scout,
215,2061,is-not-biased,90,llama4:scout,
100,973,is-not-biased,80,llama4:scout,
50,1699,is-biased,80,llama4:scout,
114,2062,is-not-biased,90,llama4:scout,
110,1700,is-biased,80,llama4:scout,
11,974,is-not-biased,90,llama4:scout,
111,2063,is-biased,80,llama4:scout,
240,975,is-not-biased,90,llama4:scout,
58,1701,is-not-biased,80,llama4:scout,
259,2064,is-biased,80,llama4:scout,
45,976,is-not-biased,80,llama4:scout,
112,1702,is-biased,80,llama4:scout,
50,2065,is-biased,80,llama4:scout,
227,977,is-not-biased,95,llama4:scout,
193,1703,is-not-biased,90,llama4:scout,
80,978,is-not-biased,80,llama4:scout,
211,2066,is-biased,80,llama4:scout,
111,1704,is-biased,80,llama4:scout,
55,2067,is-not-biased,100,llama4:scout,
21,979,is-not-biased,80,llama4:scout,
48,1705,is-biased,80,llama4:scout,
60,2068,is-biased,70,llama4:scout,
265,980,is-biased,80,llama4:scout,
112,2069,is-biased,80,llama4:scout,
116,1706,is-biased,70,llama4:scout,
96,981,is-not-biased,80,llama4:scout,
195,1707,is-not-biased,90,llama4:scout,
110,2070,is-biased,80,llama4:scout,
209,982,is-not-biased,90,llama4:scout,
59,1708,is-not-biased,80,llama4:scout,
211,2071,is-biased,80,llama4:scout,
87,983,is-not-biased,80,llama4:scout,
114,2072,is-not-biased,90,llama4:scout,
192,984,is-not-biased,80,llama4:scout,
111,1709,is-biased,80,llama4:scout,
116,1710,is-biased,80,llama4:scout,
45,2073,is-not-biased,80,llama4:scout,
253,985,is-not-biased,90,llama4:scout,
195,1711,is-not-biased,90,llama4:scout,
116,2074,is-biased,80,llama4:scout,
50,1712,is-biased,80,llama4:scout,
115,986,is-not-biased,90,llama4:scout,
114,2075,is-not-biased,90,llama4:scout,
82,987,is-not-biased,80,llama4:scout,
205,1713,is-not-biased,90,llama4:scout,
193,2076,is-not-biased,90,llama4:scout,
277,988,is-not-biased,100,llama4:scout,
205,1714,is-not-biased,90,llama4:scout,
215,2077,is-not-biased,90,llama4:scout,
94,989,is-not-biased,90,llama4:scout,
265,1715,is-biased,80,llama4:scout,
193,2078,is-not-biased,90,llama4:scout,
203,990,is-not-biased,100,llama4:scout,
193,1716,is-not-biased,90,llama4:scout,
259,2079,is-biased,80,llama4:scout,
63,1165,is-not-biased,80,llama4:scout,
237,147,is-not-biased,90,llama4:scout,
81,467,is-not-biased,100,llama4:scout,
133,1528,is-not-biased,80,llama4:scout,
58,1891,is-not-biased,80,llama4:scout,
141,148,is-not-biased,80,llama4:scout,
97,468,is-not-biased,100,llama4:scout,
205,1892,is-not-biased,90,llama4:scout,
205,1167,is-not-biased,90,llama4:scout,
151,1166,is-biased,80,llama4:scout,
14,1529,is-biased,60,llama4:scout,
141,149,is-not-biased,80,llama4:scout,
262,1530,is-not-biased,80,llama4:scout,
50,1893,is-biased,80,llama4:scout,
279,469,is-biased,70,llama4:scout,
157,1168,is-biased,60,llama4:scout,
161,150,is-not-biased,80,llama4:scout,
102,470,is-not-biased,80,llama4:scout,
236,1531,is-not-biased,90,llama4:scout,
193,1894,is-not-biased,90,llama4:scout,
165,151,is-biased,70,llama4:scout,
165,471,is-biased,70,llama4:scout,
82,1169,is-not-biased,80,llama4:scout,
133,1532,is-not-biased,80,llama4:scout,
62,1895,is-not-biased,80,llama4:scout,
222,472,is-not-biased,100,llama4:scout,
179,152,is-not-biased,80,llama4:scout,
94,1170,is-not-biased,90,llama4:scout,
129,1533,is-not-biased,90,llama4:scout,
121,153,is-not-biased,90,llama4:scout,
112,1896,is-biased,80,llama4:scout,
2,1171,is-not-biased,100,llama4:scout,
208,1534,is-not-biased,90,llama4:scout,
268,1897,is-biased,80,llama4:scout,
67,473,is-not-biased,80,llama4:scout,
232,474,is-not-biased,80,llama4:scout,
174,1172,is-not-biased,80,llama4:scout,
129,1535,is-not-biased,90,llama4:scout,
66,154,is-not-biased,90,llama4:scout,
223,155,is-not-biased,80,llama4:scout,
115,1898,is-not-biased,90,llama4:scout,
156,475,is-not-biased,80,llama4:scout,
213,1173,is-not-biased,80,llama4:scout,
129,1536,is-not-biased,90,llama4:scout,
59,1899,is-not-biased,80,llama4:scout,
180,156,is-not-biased,80,llama4:scout,
230,1174,is-not-biased,100,llama4:scout,
134,1537,is-biased,60,llama4:scout,
177,476,is-biased,70,llama4:scout,
211,157,is-biased,80,llama4:scout,
136,477,is-not-biased,90,llama4:scout,
112,1900,is-biased,80,llama4:scout,
43,1175,is-not-biased,80,llama4:scout,
249,1538,is-not-biased,100,llama4:scout,
115,1901,is-not-biased,90,llama4:scout,
245,158,is-biased,80,llama4:scout,
230,478,is-not-biased,100,llama4:scout,
129,1539,is-not-biased,90,llama4:scout,
13,1176,is-not-biased,90,llama4:scout,
229,159,is-not-biased,80,llama4:scout,
112,1902,is-biased,80,llama4:scout,
34,479,is-not-biased,80,llama4:scout,
136,1177,is-not-biased,90,llama4:scout,
267,1540,is-not-biased,100,llama4:scout,
268,1903,is-biased,80,llama4:scout,
21,160,is-not-biased,80,llama4:scout,
154,480,is-not-biased,90,llama4:scout,
129,1178,is-not-biased,90,llama4:scout,
114,1904,is-not-biased,90,llama4:scout,
253,161,is-not-biased,80,llama4:scout,
131,1541,is-biased,80,llama4:scout,
65,1179,is-biased,80,llama4:scout,
227,481,is-not-biased,95,llama4:scout,
248,1542,is-biased,70,llama4:scout,
111,1905,is-biased,80,llama4:scout,
233,162,is-biased,80,llama4:scout,
288,482,is-biased,80,llama4:scout,
130,1180,is-not-biased,80,llama4:scout,
24,1543,is-not-biased,100,llama4:scout,
205,1906,is-not-biased,90,llama4:scout,
101,1181,is-not-biased,100,llama4:scout,
128,163,is-not-biased,90,llama4:scout,
41,483,is-not-biased,80,llama4:scout,
246,1544,is-not-biased,90,llama4:scout,
118,1182,is-not-biased,80,llama4:scout,
202,164,is-not-biased,90,llama4:scout,
32,484,is-not-biased,80,llama4:scout,
112,1907,is-biased,80,llama4:scout,
267,1545,is-not-biased,100,llama4:scout,
50,1908,is-biased,80,llama4:scout,
208,165,is-not-biased,90,llama4:scout,
140,1183,is-biased,70,llama4:scout,
130,485,is-not-biased,80,llama4:scout,
71,1546,is-biased,80,llama4:scout,
226,1184,is-not-biased,90,llama4:scout,
174,166,is-not-biased,80,llama4:scout,
7,486,is-biased,60,llama4:scout,
112,1909,is-biased,80,llama4:scout,
133,1547,is-not-biased,80,llama4:scout,
116,1910,is-biased,70,llama4:scout,
158,1185,is-not-biased,90,llama4:scout,
174,167,is-not-biased,80,llama4:scout,
152,487,is-biased,80,llama4:scout,
2,1911,is-not-biased,100,llama4:scout,
133,1186,is-not-biased,80,llama4:scout,
131,1548,is-biased,80,llama4:scout,
175,168,is-not-biased,80,llama4:scout,
144,488,is-not-biased,90,llama4:scout,
58,1912,is-not-biased,80,llama4:scout,
127,1187,is-not-biased,100,llama4:scout,
131,1549,is-biased,80,llama4:scout,
271,169,is-not-biased,90,llama4:scout,
130,1550,is-not-biased,80,llama4:scout,
45,489,is-not-biased,80,llama4:scout,
193,1913,is-not-biased,90,llama4:scout,
156,1188,is-not-biased,80,llama4:scout,
1,170,is-biased,70,llama4:scout,
166,490,is-biased,70,llama4:scout,
236,1551,is-not-biased,100,llama4:scout,
222,1914,is-not-biased,100,llama4:scout,
176,171,is-biased,80,llama4:scout,
6,1189,is-biased,60,llama4:scout,
165,491,is-biased,70,llama4:scout,
36,1552,is-biased,20,llama4:scout,
193,1915,is-not-biased,90,llama4:scout,
31,1190,is-not-biased,80,llama4:scout,
90,172,is-biased,80,llama4:scout,
161,492,is-not-biased,80,llama4:scout,
77,1553,is-not-biased,100,llama4:scout,
59,1916,is-not-biased,80,llama4:scout,
166,1191,is-biased,70,llama4:scout,
125,173,is-not-biased,90,llama4:scout,
145,493,is-biased,80,llama4:scout,
208,1554,is-not-biased,90,llama4:scout,
111,1917,is-biased,80,llama4:scout,
80,1555,is-not-biased,80,llama4:scout,
43,174,is-not-biased,80,llama4:scout,
156,494,is-not-biased,80,llama4:scout,
168,1192,is-biased,70,llama4:scout,
193,1918,is-not-biased,90,llama4:scout,
250,1193,is-not-biased,90,llama4:scout,
86,175,is-not-biased,100,llama4:scout,
263,495,is-not-biased,80,llama4:scout,
112,1919,is-biased,80,llama4:scout,
145,1194,is-biased,80,llama4:scout,
136,1556,is-not-biased,90,llama4:scout,
226,176,is-not-biased,90,llama4:scout,
130,1557,is-not-biased,80,llama4:scout,
57,1920,is-not-biased,100,llama4:scout,
171,496,is-not-biased,80,llama4:scout,
16,1195,is-not-biased,90,llama4:scout,
18,177,is-not-biased,100,llama4:scout,
139,497,is-biased,80,llama4:scout,
11,1558,is-not-biased,90,llama4:scout,
268,1921,is-biased,80,llama4:scout,
114,1196,is-not-biased,90,llama4:scout,
171,178,is-not-biased,80,llama4:scout,
7,498,is-biased,60,llama4:scout,
229,1559,is-not-biased,80,llama4:scout,
265,1922,is-biased,80,llama4:scout,
197,1197,is-not-biased,80,llama4:scout,
114,179,is-not-biased,90,llama4:scout,
182,1560,is-not-biased,80,llama4:scout,
31,499,is-not-biased,80,llama4:scout,
195,1923,is-not-biased,90,llama4:scout,
174,180,is-not-biased,80,llama4:scout,
157,1198,is-biased,60,llama4:scout,
236,1561,is-not-biased,90,llama4:scout,
136,500,is-not-biased,90,llama4:scout,
58,1924,is-not-biased,80,llama4:scout,
154,501,is-not-biased,90,llama4:scout,
9,1199,is-not-biased,80,llama4:scout,
210,181,is-not-biased,80,llama4:scout,
130,1562,is-not-biased,80,llama4:scout,
284,502,is-biased,80,llama4:scout,
115,1925,is-not-biased,90,llama4:scout,
111,182,is-biased,80,llama4:scout,
21,1200,is-not-biased,80,llama4:scout,
111,1926,is-biased,80,llama4:scout,
136,1563,is-not-biased,90,llama4:scout,
10,183,is-not-biased,90,llama4:scout,
173,503,is-biased,80,llama4:scout,
65,1564,is-biased,80,llama4:scout,
279,1201,is-biased,70,llama4:scout,
116,1927,is-biased,80,llama4:scout,
118,184,is-not-biased,80,llama4:scout,
208,504,is-not-biased,90,llama4:scout,
7,1202,is-biased,60,llama4:scout,
237,1565,is-not-biased,90,llama4:scout,
193,1928,is-not-biased,90,llama4:scout,
159,185,is-not-biased,80,llama4:scout,
109,505,is-not-biased,80,llama4:scout,
203,1203,is-not-biased,100,llama4:scout,
267,1566,is-not-biased,100,llama4:scout,
33,186,is-not-biased,80,llama4:scout,
62,1929,is-not-biased,80,llama4:scout,
223,506,is-not-biased,80,llama4:scout,
208,1567,is-not-biased,90,llama4:scout,
169,1204,is-biased,80,llama4:scout,
19,1930,is-not-biased,100,llama4:scout,
286,187,is-not-biased,90,llama4:scout,
225,507,is-not-biased,100,llama4:scout,
54,1205,is-not-biased,80,llama4:scout,
134,1568,is-biased,60,llama4:scout,
27,1931,is-biased,60,llama4:scout,
252,1206,is-not-biased,80,llama4:scout,
22,188,is-not-biased,80,llama4:scout,
225,508,is-not-biased,100,llama4:scout,
235,1569,is-not-biased,80,llama4:scout,
215,1932,is-not-biased,90,llama4:scout,
207,1207,is-biased,80,llama4:scout,
136,189,is-not-biased,90,llama4:scout,
197,509,is-not-biased,80,llama4:scout,
130,1570,is-not-biased,80,llama4:scout,
129,1208,is-not-biased,90,llama4:scout,
110,1933,is-biased,80,llama4:scout,
235,190,is-not-biased,90,llama4:scout,
74,510,is-not-biased,80,llama4:scout,
130,1571,is-not-biased,80,llama4:scout,
268,1934,is-biased,80,llama4:scout,
133,1209,is-not-biased,80,llama4:scout,
252,191,is-not-biased,80,llama4:scout,
208,1572,is-not-biased,90,llama4:scout,
59,511,is-not-biased,80,llama4:scout,
110,1935,is-biased,80,llama4:scout,
71,192,is-biased,80,llama4:scout,
166,1210,is-biased,70,llama4:scout,
33,512,is-not-biased,80,llama4:scout,
136,1573,is-not-biased,90,llama4:scout,
195,1936,is-not-biased,90,llama4:scout,
74,1211,is-not-biased,80,llama4:scout,
182,193,is-not-biased,80,llama4:scout,
46,513,is-biased,70,llama4:scout,
16,1937,is-not-biased,90,llama4:scout,
266,1212,is-not-biased,80,llama4:scout,
133,1574,is-not-biased,80,llama4:scout,
267,194,is-not-biased,100,llama4:scout,
246,1575,is-not-biased,90,llama4:scout,
156,514,is-not-biased,80,llama4:scout,
62,1938,is-not-biased,80,llama4:scout,
133,1213,is-not-biased,80,llama4:scout,
87,195,is-not-biased,80,llama4:scout,
142,515,is-biased,70,llama4:scout,
242,1576,is-not-biased,90,llama4:scout,
167,1214,is-not-biased,80,llama4:scout,
28,1939,is-not-biased,80,llama4:scout,
136,196,is-not-biased,90,llama4:scout,
79,1577,is-not-biased,100,llama4:scout,
113,1940,is-biased,70,llama4:scout,
100,1215,is-not-biased,80,llama4:scout,
177,516,is-biased,70,llama4:scout,
62,517,is-not-biased,80,llama4:scout,
267,1578,is-not-biased,100,llama4:scout,
211,1941,is-biased,80,llama4:scout,
20,197,is-biased,60,llama4:scout,
229,1216,is-not-biased,80,llama4:scout,
111,198,is-biased,80,llama4:scout,
34,1579,is-not-biased,80,llama4:scout,
25,518,is-biased,70,llama4:scout,
65,199,is-biased,80,llama4:scout,
167,1217,is-not-biased,80,llama4:scout,
136,519,is-not-biased,90,llama4:scout,
112,1942,is-biased,80,llama4:scout,
200,1580,is-not-biased,90,llama4:scout,
225,1218,is-not-biased,100,llama4:scout,
278,1943,is-biased,70,llama4:scout,
266,200,is-not-biased,80,llama4:scout,
213,1581,is-not-biased,90,llama4:scout,
115,1944,is-not-biased,90,llama4:scout,
168,520,is-biased,70,llama4:scout,
92,1219,is-not-biased,100,llama4:scout,
181,521,is-not-biased,90,llama4:scout,
184,1582,is-not-biased,90,llama4:scout,
93,201,is-not-biased,80,llama4:scout,
111,1945,is-biased,80,llama4:scout,
123,1220,is-not-biased,80,llama4:scout,
140,202,is-biased,70,llama4:scout,
8,522,is-not-biased,80,llama4:scout,
69,1583,is-biased,80,llama4:scout,
215,1946,is-not-biased,90,llama4:scout,
185,1221,is-not-biased,80,llama4:scout,
20,203,is-biased,60,llama4:scout,
214,1584,is-biased,70,llama4:scout,
50,1947,is-biased,80,llama4:scout,
153,523,is-not-biased,80,llama4:scout,
90,1222,is-biased,80,llama4:scout,
106,204,is-not-biased,80,llama4:scout,
76,1585,is-not-biased,90,llama4:scout,
143,524,is-biased,85,llama4:scout,
115,1948,is-not-biased,90,llama4:scout,
140,1223,is-biased,70,llama4:scout,
242,205,is-not-biased,90,llama4:scout,
157,525,is-biased,60,llama4:scout,
125,1586,is-not-biased,90,llama4:scout,
238,1949,is-not-biased,100,llama4:scout,
265,1224,is-biased,80,llama4:scout,
169,206,is-biased,80,llama4:scout,
184,1587,is-not-biased,90,llama4:scout,
58,1950,is-not-biased,80,llama4:scout,
98,1225,is-not-biased,80,llama4:scout,
112,526,is-biased,80,llama4:scout,
100,207,is-not-biased,80,llama4:scout,
87,527,is-not-biased,80,llama4:scout,
221,1588,is-not-biased,100,llama4:scout,
54,1951,is-not-biased,80,llama4:scout,
101,1226,is-not-biased,100,llama4:scout,
7,208,is-biased,60,llama4:scout,
86,528,is-not-biased,100,llama4:scout,
260,1589,is-biased,80,llama4:scout,
193,1952,is-not-biased,90,llama4:scout,
144,1227,is-not-biased,90,llama4:scout,
69,209,is-biased,80,llama4:scout,
181,529,is-not-biased,90,llama4:scout,
192,1953,is-not-biased,80,llama4:scout,
3,1590,is-not-biased,90,llama4:scout,
19,802,is-not-biased,100,llama4:scout,
259,1717,is-biased,80,llama4:scout,
5,991,is-not-biased,80,llama4:scout,
37,2080,is-not-biased,80,llama4:scout,
185,803,is-not-biased,80,llama4:scout,
263,992,is-not-biased,80,llama4:scout,
222,2081,is-not-biased,100,llama4:scout,
110,1718,is-biased,80,llama4:scout,
133,804,is-not-biased,80,llama4:scout,
271,993,is-not-biased,90,llama4:scout,
115,1719,is-not-biased,90,llama4:scout,
61,2082,is-biased,70,llama4:scout,
247,805,is-not-biased,90,llama4:scout,
58,1720,is-not-biased,80,llama4:scout,
172,994,is-not-biased,90,llama4:scout,
215,2083,is-not-biased,90,llama4:scout,
133,806,is-not-biased,80,llama4:scout,
259,995,is-biased,80,llama4:scout,
278,1721,is-biased,70,llama4:scout,
115,2084,is-not-biased,90,llama4:scout,
269,2085,is-not-biased,100,llama4:scout,
269,1722,is-not-biased,100,llama4:scout,
116,996,is-biased,80,llama4:scout,
276,807,is-not-biased,90,llama4:scout,
100,808,is-not-biased,80,llama4:scout,
114,1723,is-not-biased,90,llama4:scout,
278,2086,is-biased,70,llama4:scout,
131,997,is-biased,80,llama4:scout,
116,809,is-biased,80,llama4:scout,
215,1724,is-not-biased,90,llama4:scout,
33,998,is-not-biased,80,llama4:scout,
113,2087,is-biased,70,llama4:scout,
123,810,is-not-biased,80,llama4:scout,
205,1725,is-not-biased,90,llama4:scout,
262,999,is-not-biased,80,llama4:scout,
188,811,is-biased,80,llama4:scout,
50,1726,is-biased,80,llama4:scout,
157,1000,is-biased,60,llama4:scout,
112,2088,is-biased,80,llama4:scout,
111,2089,is-biased,80,llama4:scout,
141,1001,is-not-biased,80,llama4:scout,
90,812,is-biased,80,llama4:scout,
45,1727,is-not-biased,80,llama4:scout,
62,2090,is-not-biased,80,llama4:scout,
267,813,is-not-biased,100,llama4:scout,
136,1002,is-not-biased,90,llama4:scout,
53,1728,is-not-biased,80,llama4:scout,
82,814,is-not-biased,80,llama4:scout,
195,2091,is-not-biased,90,llama4:scout,
105,1003,is-not-biased,80,llama4:scout,
278,1729,is-biased,70,llama4:scout,
7,815,is-biased,60,llama4:scout,
59,2092,is-not-biased,80,llama4:scout,
137,1004,is-not-biased,90,llama4:scout,
215,1730,is-not-biased,90,llama4:scout,
103,816,is-not-biased,90,llama4:scout,
19,2093,is-not-biased,100,llama4:scout,
57,1731,is-not-biased,100,llama4:scout,
169,1005,is-biased,80,llama4:scout,
19,2094,is-not-biased,100,llama4:scout,
3,817,is-not-biased,90,llama4:scout,
114,1732,is-not-biased,90,llama4:scout,
0,1006,is-not-biased,80,llama4:scout,
195,2095,is-not-biased,90,llama4:scout,
101,818,is-not-biased,100,llama4:scout,
266,1007,is-not-biased,80,llama4:scout,
278,1733,is-biased,70,llama4:scout,
207,2096,is-biased,80,llama4:scout,
112,819,is-biased,80,llama4:scout,
95,1008,is-not-biased,90,llama4:scout,
114,1734,is-not-biased,90,llama4:scout,
114,2097,is-not-biased,90,llama4:scout,
150,820,is-biased,80,llama4:scout,
193,1735,is-not-biased,90,llama4:scout,
245,2098,is-biased,80,llama4:scout,
112,1009,is-biased,80,llama4:scout,
16,1010,is-not-biased,90,llama4:scout,
152,821,is-biased,80,llama4:scout,
265,1736,is-biased,80,llama4:scout,
192,2099,is-not-biased,80,llama4:scout,
265,822,is-biased,80,llama4:scout,
94,1011,is-not-biased,80,llama4:scout,
215,1737,is-not-biased,90,llama4:scout,
45,2100,is-not-biased,80,llama4:scout,
101,1012,is-not-biased,100,llama4:scout,
159,823,is-not-biased,80,llama4:scout,
193,1738,is-not-biased,90,llama4:scout,
50,2101,is-biased,80,llama4:scout,
184,824,is-not-biased,90,llama4:scout,
116,1739,is-biased,80,llama4:scout,
38,1013,is-not-biased,90,llama4:scout,
59,2102,is-not-biased,80,llama4:scout,
187,1014,is-not-biased,100,llama4:scout,
100,825,is-not-biased,80,llama4:scout,
19,1740,is-not-biased,100,llama4:scout,
114,2103,is-not-biased,90,llama4:scout,
215,1015,is-not-biased,90,llama4:scout,
7,826,is-biased,60,llama4:scout,
13,1741,is-not-biased,90,llama4:scout,
112,2104,is-biased,80,llama4:scout,
262,1016,is-not-biased,80,llama4:scout,
145,827,is-biased,80,llama4:scout,
205,1742,is-not-biased,90,llama4:scout,
50,2105,is-biased,80,llama4:scout,
230,1017,is-not-biased,100,llama4:scout,
191,828,is-biased,70,llama4:scout,
116,1743,is-biased,80,llama4:scout,
50,2106,is-biased,80,llama4:scout,
76,829,is-not-biased,90,llama4:scout,
111,1018,is-biased,80,llama4:scout,
110,1744,is-biased,80,llama4:scout,
28,2107,is-not-biased,80,llama4:scout,
254,830,is-not-biased,90,llama4:scout,
108,1019,is-not-biased,80,llama4:scout,
193,1745,is-not-biased,90,llama4:scout,
192,2108,is-not-biased,80,llama4:scout,
205,1020,is-not-biased,90,llama4:scout,
90,831,is-biased,80,llama4:scout,
269,1746,is-not-biased,100,llama4:scout,
114,2109,is-not-biased,90,llama4:scout,
86,1069,is-not-biased,100,llama4:scout,
105,832,is-not-biased,80,llama4:scout,
207,1747,is-biased,80,llama4:scout,
58,2110,is-not-biased,80,llama4:scout,
286,833,is-not-biased,90,llama4:scout,
210,1070,is-not-biased,80,llama4:scout,
54,1748,is-not-biased,80,llama4:scout,
47,2111,is-biased,60,llama4:scout,
40,1071,is-biased,70,llama4:scout,
180,834,is-not-biased,80,llama4:scout,
115,1749,is-not-biased,90,llama4:scout,
110,2112,is-biased,80,llama4:scout,
175,1072,is-not-biased,80,llama4:scout,
227,835,is-not-biased,95,llama4:scout,
58,1750,is-not-biased,80,llama4:scout,
192,2113,is-not-biased,80,llama4:scout,
109,836,is-not-biased,80,llama4:scout,
289,1073,is-not-biased,100,llama4:scout,
52,1751,is-not-biased,80,llama4:scout,
114,2114,is-not-biased,90,llama4:scout,
260,837,is-biased,80,llama4:scout,
148,1074,is-not-biased,100,llama4:scout,
114,1752,is-not-biased,90,llama4:scout,
16,1753,is-not-biased,90,llama4:scout,
95,1075,is-not-biased,90,llama4:scout,
72,838,is-not-biased,80,llama4:scout,
112,2115,is-biased,80,llama4:scout,
193,2116,is-not-biased,90,llama4:scout,
147,1076,is-not-biased,80,llama4:scout,
136,839,is-not-biased,90,llama4:scout,
52,1754,is-not-biased,80,llama4:scout,
114,2117,is-not-biased,90,llama4:scout,
134,1077,is-biased,60,llama4:scout,
261,840,is-not-biased,90,llama4:scout,
211,1755,is-biased,80,llama4:scout,
174,841,is-not-biased,80,llama4:scout,
114,2118,is-not-biased,90,llama4:scout,
201,1078,is-not-biased,100,llama4:scout,
52,1756,is-not-biased,80,llama4:scout,
175,842,is-not-biased,80,llama4:scout,
116,1079,is-biased,80,llama4:scout,
110,2119,is-biased,80,llama4:scout,
61,1757,is-biased,70,llama4:scout,
222,2120,is-not-biased,100,llama4:scout,
33,843,is-not-biased,80,llama4:scout,
90,1080,is-biased,80,llama4:scout,
19,1758,is-not-biased,90,llama4:scout,
193,2121,is-not-biased,90,llama4:scout,
94,844,is-not-biased,80,llama4:scout,
58,1759,is-not-biased,80,llama4:scout,
17,1081,is-biased,80,llama4:scout,
152,845,is-biased,80,llama4:scout,
51,2122,is-biased,70,llama4:scout,
42,1760,is-not-biased,100,llama4:scout,
157,1082,is-biased,60,llama4:scout,
115,2123,is-not-biased,90,llama4:scout,
146,846,is-not-biased,90,llama4:scout,
141,1083,is-not-biased,80,llama4:scout,
110,2124,is-biased,80,llama4:scout,
26,1761,is-biased,80,llama4:scout,
160,847,is-not-biased,80,llama4:scout,
238,1762,is-not-biased,100,llama4:scout,
231,1084,is-not-biased,90,llama4:scout,
193,2125,is-not-biased,90,llama4:scout,
223,1085,is-not-biased,80,llama4:scout,
192,1763,is-not-biased,80,llama4:scout,
157,848,is-biased,60,llama4:scout,
114,2126,is-not-biased,90,llama4:scout,
82,1086,is-not-biased,80,llama4:scout,
277,849,is-not-biased,100,llama4:scout,
50,2127,is-biased,80,llama4:scout,
105,850,is-not-biased,80,llama4:scout,
106,1087,is-not-biased,80,llama4:scout,
51,1764,is-biased,70,llama4:scout,
116,1765,is-biased,80,llama4:scout,
59,2128,is-not-biased,80,llama4:scout,
263,1088,is-not-biased,80,llama4:scout,
125,851,is-not-biased,90,llama4:scout,
55,1766,is-not-biased,100,llama4:scout,
112,2129,is-biased,80,llama4:scout,
192,1767,is-not-biased,80,llama4:scout,
173,1089,is-biased,80,llama4:scout,
192,2130,is-not-biased,80,llama4:scout,
141,853,is-not-biased,80,llama4:scout,
51,852,is-biased,70,llama4:scout,
234,1090,is-not-biased,100,llama4:scout,
113,1768,is-biased,70,llama4:scout,
278,2131,is-biased,70,llama4:scout,
244,854,is-not-biased,90,llama4:scout,
140,1091,is-biased,70,llama4:scout,
252,1092,is-not-biased,80,llama4:scout,
116,1769,is-biased,80,llama4:scout,
242,855,is-not-biased,90,llama4:scout,
193,2132,is-not-biased,90,llama4:scout,
112,2133,is-biased,80,llama4:scout,
28,1093,is-not-biased,80,llama4:scout,
25,856,is-biased,70,llama4:scout,
276,1770,is-not-biased,90,llama4:scout,
54,2134,is-not-biased,80,llama4:scout,
115,1771,is-not-biased,90,llama4:scout,
6,857,is-biased,60,llama4:scout,
25,1094,is-biased,70,llama4:scout,
54,2135,is-not-biased,80,llama4:scout,
86,1095,is-not-biased,100,llama4:scout,
276,1772,is-not-biased,90,llama4:scout,
152,858,is-biased,80,llama4:scout,
106,859,is-not-biased,80,llama4:scout,
161,1096,is-not-biased,80,llama4:scout,
276,2136,is-not-biased,90,llama4:scout,
113,1773,is-biased,70,llama4:scout,
205,1097,is-not-biased,90,llama4:scout,
114,2137,is-not-biased,90,llama4:scout,
110,1774,is-biased,80,llama4:scout,
227,860,is-not-biased,95,llama4:scout,
114,1775,is-not-biased,90,llama4:scout,
50,2138,is-biased,80,llama4:scout,
262,861,is-not-biased,80,llama4:scout,
262,1098,is-not-biased,80,llama4:scout,
113,1776,is-biased,70,llama4:scout,
141,862,is-not-biased,80,llama4:scout,
1,1099,is-biased,70,llama4:scout,
193,2139,is-not-biased,90,llama4:scout,
268,2140,is-biased,80,llama4:scout,
171,1100,is-not-biased,80,llama4:scout,
13,1825,is-not-biased,90,llama4:scout,
10,863,is-not-biased,90,llama4:scout,
111,2141,is-biased,80,llama4:scout,
266,864,is-not-biased,90,llama4:scout,
168,1101,is-biased,70,llama4:scout,
51,1826,is-biased,70,llama4:scout,
0,1827,is-not-biased,80,llama4:scout,
193,2142,is-not-biased,90,llama4:scout,
115,1354,is-not-biased,90,llama4:scout,
269,293,is-not-biased,100,llama4:scout,
113,676,is-biased,70,llama4:scout,
184,294,is-not-biased,90,llama4:scout,
129,677,is-not-biased,90,llama4:scout,
95,1355,is-not-biased,90,llama4:scout,
100,295,is-not-biased,80,llama4:scout,
67,678,is-not-biased,80,llama4:scout,
89,1356,is-not-biased,80,llama4:scout,
76,296,is-not-biased,90,llama4:scout,
95,679,is-not-biased,90,llama4:scout,
73,297,is-not-biased,80,llama4:scout,
10,1357,is-not-biased,90,llama4:scout,
42,680,is-not-biased,100,llama4:scout,
20,1358,is-biased,60,llama4:scout,
184,681,is-not-biased,90,llama4:scout,
149,298,is-not-biased,90,llama4:scout,
233,1359,is-biased,80,llama4:scout,
235,299,is-not-biased,90,llama4:scout,
142,682,is-biased,70,llama4:scout,
59,1360,is-not-biased,80,llama4:scout,
16,300,is-not-biased,90,llama4:scout,
210,683,is-not-biased,80,llama4:scout,
78,1361,is-not-biased,80,llama4:scout,
36,301,is-biased,20,llama4:scout,
136,684,is-not-biased,90,llama4:scout,
87,1362,is-not-biased,80,llama4:scout,
65,685,is-biased,80,llama4:scout,
128,302,is-not-biased,90,llama4:scout,
157,1363,is-not-biased,80,llama4:scout,
263,303,is-not-biased,80,llama4:scout,
145,686,is-biased,80,llama4:scout,
147,1364,is-not-biased,80,llama4:scout,
2,687,is-not-biased,100,llama4:scout,
156,304,is-not-biased,80,llama4:scout,
174,1365,is-not-biased,80,llama4:scout,
245,1366,is-biased,80,llama4:scout,
165,688,is-biased,70,llama4:scout,
265,305,is-biased,80,llama4:scout,
7,1367,is-biased,60,llama4:scout,
227,306,is-not-biased,95,llama4:scout,
241,689,is-not-biased,80,llama4:scout,
128,1368,is-not-biased,90,llama4:scout,
86,690,is-not-biased,100,llama4:scout,
121,308,is-not-biased,90,llama4:scout,
35,307,is-not-biased,90,llama4:scout,
74,1369,is-not-biased,80,llama4:scout,
154,1370,is-not-biased,90,llama4:scout,
22,309,is-not-biased,80,llama4:scout,
244,692,is-not-biased,90,llama4:scout,
219,691,is-biased,80,llama4:scout,
184,1371,is-not-biased,90,llama4:scout,
129,310,is-not-biased,80,llama4:scout,
183,693,is-not-biased,100,llama4:scout,
145,1372,is-biased,80,llama4:scout,
115,311,is-not-biased,90,llama4:scout,
28,694,is-not-biased,80,llama4:scout,
284,1373,is-biased,80,llama4:scout,
119,312,is-not-biased,80,llama4:scout,
240,695,is-not-biased,90,llama4:scout,
76,1374,is-not-biased,90,llama4:scout,
49,696,is-not-biased,80,llama4:scout,
185,1375,is-not-biased,80,llama4:scout,
154,314,is-not-biased,90,llama4:scout,
142,697,is-biased,70,llama4:scout,
112,313,is-biased,80,llama4:scout,
102,315,is-not-biased,80,llama4:scout,
98,698,is-not-biased,90,llama4:scout,
152,1377,is-biased,80,llama4:scout,
137,1376,is-not-biased,90,llama4:scout,
19,316,is-not-biased,100,llama4:scout,
144,699,is-not-biased,90,llama4:scout,
157,1378,is-biased,60,llama4:scout,
210,317,is-not-biased,80,llama4:scout,
202,700,is-not-biased,90,llama4:scout,
267,1379,is-not-biased,100,llama4:scout,
226,318,is-not-biased,90,llama4:scout,
102,701,is-not-biased,80,llama4:scout,
159,1380,is-not-biased,80,llama4:scout,
261,319,is-not-biased,90,llama4:scout,
266,702,is-not-biased,80,llama4:scout,
104,1381,is-biased,80,llama4:scout,
102,320,is-not-biased,80,llama4:scout,
103,703,is-not-biased,100,llama4:scout,
2,1382,is-not-biased,100,llama4:scout,
0,321,is-not-biased,80,llama4:scout,
197,704,is-biased,80,llama4:scout,
169,1383,is-biased,80,llama4:scout,
119,322,is-not-biased,80,llama4:scout,
94,705,is-not-biased,80,llama4:scout,
121,323,is-not-biased,90,llama4:scout,
37,1384,is-not-biased,80,llama4:scout,
218,706,is-not-biased,80,llama4:scout,
230,1385,is-not-biased,100,llama4:scout,
42,324,is-not-biased,80,llama4:scout,
166,707,is-biased,70,llama4:scout,
184,1386,is-not-biased,90,llama4:scout,
165,325,is-biased,70,llama4:scout,
118,326,is-not-biased,80,llama4:scout,
101,708,is-not-biased,100,llama4:scout,
70,709,is-not-biased,90,llama4:scout,
95,1387,is-not-biased,90,llama4:scout,
173,327,is-biased,80,llama4:scout,
128,710,is-not-biased,90,llama4:scout,
230,1388,is-not-biased,100,llama4:scout,
101,328,is-not-biased,100,llama4:scout,
174,1389,is-not-biased,80,llama4:scout,
157,711,is-biased,60,llama4:scout,
271,329,is-not-biased,90,llama4:scout,
146,712,is-not-biased,90,llama4:scout,
278,1390,is-biased,70,llama4:scout,
162,1391,is-not-biased,80,llama4:scout,
242,330,is-not-biased,90,llama4:scout,
121,1392,is-not-biased,90,llama4:scout,
277,713,is-not-biased,100,llama4:scout,
133,331,is-not-biased,80,llama4:scout,
197,714,is-not-biased,80,llama4:scout,
239,332,is-not-biased,80,llama4:scout,
67,1393,is-not-biased,80,llama4:scout,
188,715,is-biased,80,llama4:scout,
89,1394,is-not-biased,80,llama4:scout,
123,716,is-not-biased,80,llama4:scout,
3,333,is-not-biased,90,llama4:scout,
205,334,is-not-biased,90,llama4:scout,
131,1395,is-biased,80,llama4:scout,
33,717,is-not-biased,80,llama4:scout,
2,1396,is-not-biased,100,llama4:scout,
22,335,is-not-biased,80,llama4:scout,
41,1397,is-not-biased,80,llama4:scout,
104,718,is-biased,80,llama4:scout,
2,336,is-not-biased,100,llama4:scout,
101,719,is-not-biased,100,llama4:scout,
241,337,is-not-biased,80,llama4:scout,
211,1398,is-biased,80,llama4:scout,
210,720,is-not-biased,80,llama4:scout,
239,1399,is-not-biased,80,llama4:scout,
36,338,is-biased,20,llama4:scout,
75,339,is-not-biased,100,llama4:scout,
125,1400,is-not-biased,90,llama4:scout,
194,1401,is-not-biased,100,llama4:scout,
278,722,is-biased,70,llama4:scout,
143,721,is-biased,80,llama4:scout,
62,340,is-not-biased,80,llama4:scout,
2,1402,is-not-biased,100,llama4:scout,
244,723,is-not-biased,90,llama4:scout,
136,341,is-not-biased,90,llama4:scout,
63,724,is-not-biased,80,llama4:scout,
73,342,is-not-biased,80,llama4:scout,
157,1403,is-biased,60,llama4:scout,
231,725,is-not-biased,90,llama4:scout,
97,1404,is-not-biased,100,llama4:scout,
58,726,is-not-biased,80,llama4:scout,
203,344,is-not-biased,100,llama4:scout,
157,1405,is-biased,60,llama4:scout,
237,1406,is-not-biased,90,llama4:scout,
129,345,is-not-biased,80,llama4:scout,
150,343,is-biased,80,llama4:scout,
150,727,is-biased,80,llama4:scout,
80,728,is-not-biased,80,llama4:scout,
169,1407,is-biased,80,llama4:scout,
275,346,is-biased,80,llama4:scout,
224,729,is-not-biased,80,llama4:scout,
101,1408,is-not-biased,100,llama4:scout,
155,347,is-not-biased,100,llama4:scout,
173,730,is-biased,80,llama4:scout,
193,1409,is-not-biased,90,llama4:scout,
93,348,is-not-biased,80,llama4:scout,
262,1410,is-not-biased,80,llama4:scout,
88,731,is-biased,80,llama4:scout,
146,349,is-not-biased,90,llama4:scout,
29,1411,is-biased,80,llama4:scout,
78,732,is-not-biased,80,llama4:scout,
166,350,is-biased,70,llama4:scout,
173,733,is-biased,80,llama4:scout,
95,1412,is-not-biased,90,llama4:scout,
43,351,is-not-biased,80,llama4:scout,
127,734,is-not-biased,100,llama4:scout,
195,352,is-not-biased,90,llama4:scout,
141,1413,is-not-biased,80,llama4:scout,
157,353,is-biased,60,llama4:scout,
149,735,is-not-biased,90,llama4:scout,
86,736,is-not-biased,100,llama4:scout,
121,1414,is-not-biased,90,llama4:scout,
126,737,is-not-biased,90,llama4:scout,
152,354,is-biased,80,llama4:scout,
95,1415,is-not-biased,90,llama4:scout,
99,355,is-not-biased,100,llama4:scout,
156,738,is-not-biased,80,llama4:scout,
152,1416,is-biased,80,llama4:scout,
195,1228,is-not-biased,90,llama4:scout,
123,1591,is-not-biased,80,llama4:scout,
128,1229,is-not-biased,90,llama4:scout,
167,1230,is-not-biased,80,llama4:scout,
125,1592,is-not-biased,90,llama4:scout,
260,1593,is-biased,80,llama4:scout,
161,1231,is-not-biased,80,llama4:scout,
127,1594,is-not-biased,100,llama4:scout,
114,1232,is-not-biased,90,llama4:scout,
281,1595,is-not-biased,90,llama4:scout,
212,1233,is-biased,80,llama4:scout,
289,1596,is-not-biased,100,llama4:scout,
271,1234,is-not-biased,90,llama4:scout,
72,1597,is-not-biased,80,llama4:scout,
263,1598,is-not-biased,80,llama4:scout,
144,1236,is-not-biased,90,llama4:scout,
213,1599,is-not-biased,80,llama4:scout,
143,1235,is-biased,80,llama4:scout,
261,1237,is-not-biased,90,llama4:scout,
119,1600,is-not-biased,80,llama4:scout,
246,1238,is-not-biased,90,llama4:scout,
72,1601,is-not-biased,80,llama4:scout,
118,1602,is-not-biased,80,llama4:scout,
104,1239,is-biased,80,llama4:scout,
155,1240,is-not-biased,100,llama4:scout,
70,1603,is-not-biased,100,llama4:scout,
204,1241,is-biased,80,llama4:scout,
184,1604,is-not-biased,90,llama4:scout,
29,1242,is-biased,80,llama4:scout,
76,1605,is-not-biased,90,llama4:scout,
65,1606,is-biased,80,llama4:scout,
20,1243,is-biased,60,llama4:scout,
141,1244,is-not-biased,80,llama4:scout,
127,1607,is-not-biased,100,llama4:scout,
262,5,is-not-biased,80,llama4:scout,
74,1245,is-not-biased,80,llama4:scout,
76,1608,is-not-biased,90,llama4:scout,
284,1246,is-biased,80,llama4:scout,
73,1609,is-not-biased,80,llama4:scout,
113,1247,is-biased,70,llama4:scout,
70,1610,is-not-biased,100,llama4:scout,
180,6,is-not-biased,80,llama4:scout,
157,1248,is-biased,60,llama4:scout,
117,1611,is-biased,20,llama4:scout,
284,1249,is-biased,80,llama4:scout,
125,1612,is-not-biased,90,llama4:scout,
98,3,is-not-biased,90,llama4:scout,
20,1250,is-biased,60,llama4:scout,
122,1613,is-biased,70,llama4:scout,
255,4,is-not-biased,90,llama4:scout,
178,1251,is-not-biased,90,llama4:scout,
248,1614,is-biased,80,llama4:scout,
208,1252,is-not-biased,90,llama4:scout,
69,1615,is-biased,80,llama4:scout,
182,1253,is-not-biased,80,llama4:scout,
3,1616,is-not-biased,90,llama4:scout,
241,1254,is-not-biased,80,llama4:scout,
288,1617,is-biased,80,llama4:scout,
121,1255,is-not-biased,90,llama4:scout,
213,1618,is-not-biased,80,llama4:scout,
119,1619,is-not-biased,80,llama4:scout,
68,1257,is-biased,80,llama4:scout,
118,1620,is-not-biased,80,llama4:scout,
284,2,is-biased,80,llama4:scout,
143,1256,is-biased,80,llama4:scout,
233,1258,is-biased,80,llama4:scout,
230,1,is-not-biased,100,llama4:scout,
75,1621,is-not-biased,100,llama4:scout,
123,1259,is-not-biased,80,llama4:scout,
71,1622,is-biased,80,llama4:scout,
65,1260,is-biased,80,llama4:scout,
136,7,is-not-biased,90,llama4:scout,
193,1261,is-not-biased,90,llama4:scout,
119,1623,is-not-biased,80,llama4:scout,
128,1624,is-not-biased,90,llama4:scout,
123,1625,is-not-biased,80,llama4:scout,
155,1262,is-not-biased,100,llama4:scout,
157,0,is-biased,60,llama4:scout,
171,8,is-not-biased,80,llama4:scout,
260,1626,is-biased,80,llama4:scout,
115,1263,is-not-biased,90,llama4:scout,
279,9,is-biased,70,llama4:scout,
119,1627,is-not-biased,80,llama4:scout,
227,10,is-not-biased,95,llama4:scout,
167,1265,is-not-biased,80,llama4:scout,
75,1264,is-not-biased,100,llama4:scout,
119,1628,is-not-biased,80,llama4:scout,
57,11,is-not-biased,100,llama4:scout,
65,1629,is-biased,80,llama4:scout,
147,1266,is-not-biased,90,llama4:scout,
210,12,is-not-biased,80,llama4:scout,
264,1267,is-not-biased,80,llama4:scout,
76,1630,is-not-biased,90,llama4:scout,
98,13,is-not-biased,90,llama4:scout,
224,1268,is-not-biased,80,llama4:scout,
63,1631,is-not-biased,80,llama4:scout,
77,1269,is-not-biased,100,llama4:scout,
271,14,is-not-biased,100,llama4:scout,
262,1632,is-not-biased,80,llama4:scout,
270,1270,is-not-biased,80,llama4:scout,
121,1633,is-not-biased,90,llama4:scout,
145,1271,is-biased,80,llama4:scout,
112,15,is-biased,80,llama4:scout,
126,1634,is-not-biased,90,llama4:scout,
71,17,is-biased,80,llama4:scout,
112,16,is-biased,80,llama4:scout,
72,1635,is-not-biased,80,llama4:scout,
157,1272,is-biased,60,llama4:scout,
162,1273,is-not-biased,80,llama4:scout,
152,18,is-biased,80,llama4:scout,
123,1636,is-not-biased,80,llama4:scout,
145,19,is-biased,80,llama4:scout,
165,1274,is-biased,70,llama4:scout,
127,1637,is-not-biased,100,llama4:scout,
136,1275,is-not-biased,90,llama4:scout,
20,20,is-biased,60,llama4:scout,
286,1638,is-not-biased,90,llama4:scout,
123,21,is-not-biased,80,llama4:scout,
119,1276,is-not-biased,80,llama4:scout,
32,1639,is-not-biased,80,llama4:scout,
230,1277,is-not-biased,100,llama4:scout,
123,22,is-not-biased,80,llama4:scout,
119,1640,is-not-biased,80,llama4:scout,
144,23,is-not-biased,90,llama4:scout,
121,1641,is-not-biased,80,llama4:scout,
112,1278,is-biased,80,llama4:scout,
169,24,is-biased,80,llama4:scout,
105,1279,is-not-biased,80,llama4:scout,
175,33,is-not-biased,80,llama4:scout,
70,1642,is-not-biased,90,llama4:scout,
4,1643,is-not-biased,80,llama4:scout,
270,1281,is-not-biased,90,llama4:scout,
87,25,is-not-biased,80,llama4:scout,
11,1280,is-not-biased,90,llama4:scout,
76,1644,is-not-biased,90,llama4:scout,
65,1282,is-biased,80,llama4:scout,
163,26,is-not-biased,90,llama4:scout,
132,27,is-biased,60,llama4:scout,
15,1645,is-not-biased,90,llama4:scout,
95,1283,is-not-biased,90,llama4:scout,
124,1646,is-not-biased,100,llama4:scout,
203,28,is-not-biased,100,llama4:scout,
274,1284,is-biased,80,llama4:scout,
288,1647,is-biased,80,llama4:scout,
115,29,is-not-biased,90,llama4:scout,
94,1285,is-not-biased,90,llama4:scout,
126,1648,is-not-biased,90,llama4:scout,
129,1286,is-not-biased,90,llama4:scout,
20,30,is-biased,60,llama4:scout,
214,1649,is-biased,70,llama4:scout,
33,31,is-not-biased,80,llama4:scout,
93,1287,is-not-biased,80,llama4:scout,
128,1650,is-not-biased,90,llama4:scout,
129,1288,is-not-biased,80,llama4:scout,
100,32,is-not-biased,80,llama4:scout,
243,1651,is-not-biased,100,llama4:scout,
168,34,is-biased,70,llama4:scout,
58,1289,is-not-biased,80,llama4:scout,
126,1652,is-not-biased,90,llama4:scout,
48,35,is-not-biased,80,llama4:scout,
125,1290,is-not-biased,90,llama4:scout,
213,1653,is-not-biased,80,llama4:scout,
7,36,is-biased,60,llama4:scout,
115,530,is-not-biased,90,llama4:scout,
242,865,is-not-biased,80,llama4:scout,
113,1954,is-biased,70,llama4:scout,
230,37,is-not-biased,100,llama4:scout,
1,866,is-biased,70,llama4:scout,
179,531,is-not-biased,80,llama4:scout,
19,1955,is-not-biased,100,llama4:scout,
51,2143,is-biased,70,llama4:scout,
211,2144,is-biased,80,llama4:scout,
127,532,is-not-biased,100,llama4:scout,
98,38,is-not-biased,80,llama4:scout,
33,867,is-not-biased,80,llama4:scout,
28,2145,is-not-biased,80,llama4:scout,
265,533,is-biased,80,llama4:scout,
152,39,is-biased,80,llama4:scout,
112,1956,is-biased,80,llama4:scout,
220,868,is-not-biased,100,llama4:scout,
115,2146,is-not-biased,90,llama4:scout,
262,40,is-not-biased,80,llama4:scout,
262,534,is-not-biased,80,llama4:scout,
51,1957,is-biased,70,llama4:scout,
127,869,is-not-biased,100,llama4:scout,
28,2147,is-not-biased,80,llama4:scout,
270,41,is-not-biased,90,llama4:scout,
276,1958,is-not-biased,90,llama4:scout,
149,535,is-not-biased,90,llama4:scout,
169,870,is-biased,80,llama4:scout,
45,1959,is-not-biased,80,llama4:scout,
114,2148,is-not-biased,90,llama4:scout,
223,42,is-not-biased,80,llama4:scout,
84,536,is-not-biased,80,llama4:scout,
192,2149,is-not-biased,80,llama4:scout,
110,1960,is-biased,80,llama4:scout,
14,871,is-biased,60,llama4:scout,
208,43,is-not-biased,90,llama4:scout,
276,872,is-not-biased,90,llama4:scout,
168,537,is-biased,70,llama4:scout,
113,1961,is-biased,70,llama4:scout,
113,2150,is-biased,70,llama4:scout,
256,538,is-biased,80,llama4:scout,
76,44,is-not-biased,90,llama4:scout,
145,873,is-biased,80,llama4:scout,
211,1962,is-biased,80,llama4:scout,
114,2151,is-not-biased,90,llama4:scout,
148,539,is-not-biased,100,llama4:scout,
9,45,is-not-biased,80,llama4:scout,
136,874,is-not-biased,80,llama4:scout,
205,2152,is-not-biased,90,llama4:scout,
59,1963,is-not-biased,80,llama4:scout,
131,559,is-biased,80,llama4:scout,
110,875,is-biased,80,llama4:scout,
143,46,is-biased,80,llama4:scout,
115,1964,is-not-biased,90,llama4:scout,
110,2153,is-biased,80,llama4:scout,
155,561,is-not-biased,100,llama4:scout,
194,876,is-not-biased,100,llama4:scout,
7,47,is-biased,60,llama4:scout,
103,562,is-not-biased,100,llama4:scout,
271,48,is-not-biased,90,llama4:scout,
115,2154,is-not-biased,90,llama4:scout,
112,1965,is-biased,80,llama4:scout,
231,877,is-not-biased,90,llama4:scout,
27,1966,is-biased,60,llama4:scout,
114,2155,is-not-biased,90,llama4:scout,
133,49,is-not-biased,80,llama4:scout,
253,563,is-not-biased,80,llama4:scout,
127,878,is-not-biased,100,llama4:scout,
13,1967,is-not-biased,90,llama4:scout,
211,2156,is-biased,80,llama4:scout,
274,50,is-biased,80,llama4:scout,
71,564,is-biased,80,llama4:scout,
146,879,is-not-biased,90,llama4:scout,
111,1968,is-biased,80,llama4:scout,
123,51,is-not-biased,80,llama4:scout,
169,565,is-biased,80,llama4:scout,
161,880,is-not-biased,80,llama4:scout,
51,2157,is-biased,70,llama4:scout,
59,1969,is-not-biased,80,llama4:scout,
110,2158,is-biased,80,llama4:scout,
130,52,is-not-biased,80,llama4:scout,
102,566,is-not-biased,80,llama4:scout,
274,881,is-biased,80,llama4:scout,
2,1970,is-not-biased,100,llama4:scout,
62,2159,is-not-biased,80,llama4:scout,
239,53,is-not-biased,80,llama4:scout,
101,567,is-not-biased,100,llama4:scout,
116,1971,is-biased,70,llama4:scout,
152,882,is-biased,80,llama4:scout,
113,2160,is-biased,70,llama4:scout,
132,54,is-biased,60,llama4:scout,
169,568,is-biased,80,llama4:scout,
88,883,is-biased,80,llama4:scout,
111,1972,is-biased,80,llama4:scout,
136,55,is-not-biased,90,llama4:scout,
110,2161,is-biased,80,llama4:scout,
126,569,is-not-biased,90,llama4:scout,
39,884,is-not-biased,80,llama4:scout,
115,1973,is-not-biased,90,llama4:scout,
154,570,is-not-biased,90,llama4:scout,
211,885,is-biased,80,llama4:scout,
45,1974,is-not-biased,80,llama4:scout,
112,2162,is-biased,80,llama4:scout,
177,56,is-biased,70,llama4:scout,
134,57,is-biased,60,llama4:scout,
36,571,is-not-biased,90,llama4:scout,
257,886,is-not-biased,100,llama4:scout,
110,2163,is-biased,80,llama4:scout,
112,1975,is-biased,80,llama4:scout,
114,2164,is-not-biased,90,llama4:scout,
277,58,is-not-biased,100,llama4:scout,
121,572,is-not-biased,80,llama4:scout,
213,887,is-not-biased,80,llama4:scout,
57,1976,is-not-biased,100,llama4:scout,
115,2165,is-not-biased,90,llama4:scout,
166,59,is-biased,70,llama4:scout,
142,573,is-biased,70,llama4:scout,
101,888,is-not-biased,100,llama4:scout,
269,1977,is-not-biased,100,llama4:scout,
116,2166,is-biased,80,llama4:scout,
106,60,is-not-biased,80,llama4:scout,
160,574,is-not-biased,80,llama4:scout,
154,889,is-not-biased,90,llama4:scout,
259,1978,is-biased,80,llama4:scout,
267,61,is-not-biased,100,llama4:scout,
58,2167,is-not-biased,80,llama4:scout,
157,575,is-biased,60,llama4:scout,
88,890,is-biased,80,llama4:scout,
211,1979,is-biased,70,llama4:scout,
222,2168,is-not-biased,100,llama4:scout,
54,62,is-not-biased,80,llama4:scout,
104,576,is-biased,80,llama4:scout,
262,891,is-not-biased,80,llama4:scout,
245,1980,is-biased,80,llama4:scout,
259,2169,is-biased,80,llama4:scout,
123,63,is-not-biased,80,llama4:scout,
272,577,is-not-biased,80,llama4:scout,
77,892,is-not-biased,100,llama4:scout,
114,1981,is-not-biased,90,llama4:scout,
101,578,is-not-biased,100,llama4:scout,
36,2170,is-biased,20,llama4:scout,
43,64,is-not-biased,80,llama4:scout,
194,893,is-not-biased,100,llama4:scout,
54,1982,is-not-biased,80,llama4:scout,
54,2171,is-not-biased,80,llama4:scout,
86,65,is-not-biased,100,llama4:scout,
64,579,is-biased,70,llama4:scout,
245,894,is-biased,80,llama4:scout,
48,2172,is-biased,80,llama4:scout,
110,1983,is-biased,80,llama4:scout,
167,66,is-not-biased,80,llama4:scout,
160,895,is-not-biased,80,llama4:scout,
110,580,is-biased,80,llama4:scout,
19,1984,is-not-biased,100,llama4:scout,
58,2173,is-not-biased,80,llama4:scout,
105,67,is-not-biased,80,llama4:scout,
168,581,is-biased,70,llama4:scout,
76,896,is-not-biased,90,llama4:scout,
193,1985,is-not-biased,90,llama4:scout,
193,2174,is-not-biased,90,llama4:scout,
118,582,is-not-biased,80,llama4:scout,
101,68,is-not-biased,100,llama4:scout,
206,897,is-not-biased,90,llama4:scout,
114,1986,is-not-biased,90,llama4:scout,
62,2175,is-not-biased,80,llama4:scout,
22,69,is-not-biased,80,llama4:scout,
167,583,is-not-biased,80,llama4:scout,
165,898,is-biased,70,llama4:scout,
268,1987,is-biased,80,llama4:scout,
50,2176,is-biased,80,llama4:scout,
97,70,is-not-biased,100,llama4:scout,
8,584,is-not-biased,80,llama4:scout,
193,1988,is-not-biased,90,llama4:scout,
284,899,is-biased,80,llama4:scout,
111,2177,is-biased,80,llama4:scout,
211,1989,is-biased,80,llama4:scout,
94,71,is-not-biased,80,llama4:scout,
160,585,is-not-biased,80,llama4:scout,
172,900,is-not-biased,90,llama4:scout,
105,72,is-not-biased,80,llama4:scout,
193,2178,is-not-biased,90,llama4:scout,
110,901,is-biased,80,llama4:scout,
20,586,is-biased,60,llama4:scout,
269,1990,is-not-biased,100,llama4:scout,
105,73,is-not-biased,80,llama4:scout,
111,587,is-biased,80,llama4:scout,
114,1991,is-not-biased,90,llama4:scout,
138,588,is-not-biased,80,llama4:scout,
25,74,is-biased,70,llama4:scout,
132,902,is-biased,60,llama4:scout,
192,903,is-not-biased,80,llama4:scout,
268,1992,is-biased,80,llama4:scout,
157,75,is-not-biased,80,llama4:scout,
277,589,is-not-biased,100,llama4:scout,
263,904,is-not-biased,80,llama4:scout,
62,1993,is-not-biased,80,llama4:scout,
52,76,is-not-biased,80,llama4:scout,
233,905,is-biased,80,llama4:scout,
42,1994,is-not-biased,100,llama4:scout,
125,590,is-not-biased,90,llama4:scout,
168,77,is-biased,70,llama4:scout,
71,591,is-biased,80,llama4:scout,
280,906,is-not-biased,90,llama4:scout,
140,78,is-biased,70,llama4:scout,
58,1995,is-not-biased,80,llama4:scout,
238,907,is-not-biased,100,llama4:scout,
115,1996,is-not-biased,90,llama4:scout,
118,79,is-not-biased,80,llama4:scout,
150,592,is-biased,80,llama4:scout,
211,593,is-biased,80,llama4:scout,
203,908,is-not-biased,100,llama4:scout,
57,1997,is-not-biased,100,llama4:scout,
121,80,is-not-biased,90,llama4:scout,
233,594,is-biased,80,llama4:scout,
278,1998,is-biased,70,llama4:scout,
158,909,is-not-biased,90,llama4:scout,
225,81,is-not-biased,100,llama4:scout,
182,595,is-not-biased,80,llama4:scout,
33,910,is-not-biased,80,llama4:scout,
116,1999,is-biased,80,llama4:scout,
251,82,is-not-biased,100,llama4:scout,
259,2000,is-biased,80,llama4:scout,
25,596,is-biased,70,llama4:scout,
122,911,is-biased,70,llama4:scout,
237,83,is-not-biased,90,llama4:scout,
277,597,is-not-biased,100,llama4:scout,
110,2001,is-biased,80,llama4:scout,
157,84,is-not-biased,80,llama4:scout,
120,912,is-biased,80,llama4:scout,
192,598,is-not-biased,80,llama4:scout,
133,913,is-not-biased,80,llama4:scout,
265,2002,is-biased,80,llama4:scout,
29,85,is-biased,80,llama4:scout,
233,914,is-biased,80,llama4:scout,
50,2003,is-biased,80,llama4:scout,
203,86,is-not-biased,100,llama4:scout,
177,599,is-biased,70,llama4:scout,
281,600,is-not-biased,90,llama4:scout,
38,915,is-not-biased,80,llama4:scout,
193,2004,is-not-biased,90,llama4:scout,
89,87,is-not-biased,80,llama4:scout,
50,601,is-biased,80,llama4:scout,
163,916,is-not-biased,90,llama4:scout,
215,2005,is-not-biased,90,llama4:scout,
168,88,is-biased,70,llama4:scout,
111,917,is-biased,80,llama4:scout,
276,2006,is-not-biased,90,llama4:scout,
228,602,is-biased,80,llama4:scout,
201,89,is-not-biased,100,llama4:scout,
246,603,is-not-biased,90,llama4:scout,
41,2007,is-not-biased,80,llama4:scout,
104,90,is-biased,80,llama4:scout,
15,918,is-not-biased,90,llama4:scout,
132,604,is-biased,60,llama4:scout,
46,919,is-biased,70,llama4:scout,
193,2008,is-not-biased,90,llama4:scout,
190,91,is-biased,70,llama4:scout,
208,605,is-not-biased,90,llama4:scout,
113,2009,is-biased,70,llama4:scout,
150,920,is-biased,80,llama4:scout,
204,92,is-biased,80,llama4:scout,
22,606,is-not-biased,80,llama4:scout,
280,921,is-not-biased,90,llama4:scout,
193,2010,is-not-biased,90,llama4:scout,
76,93,is-not-biased,90,llama4:scout,
152,607,is-biased,80,llama4:scout,
22,922,is-not-biased,80,llama4:scout,
48,2011,is-not-biased,80,llama4:scout,
208,94,is-not-biased,90,llama4:scout,
205,608,is-not-biased,90,llama4:scout,
72,923,is-not-biased,80,llama4:scout,
212,2012,is-biased,80,llama4:scout,
229,95,is-not-biased,80,llama4:scout,
180,609,is-not-biased,80,llama4:scout,
109,924,is-not-biased,80,llama4:scout,
110,2013,is-biased,80,llama4:scout,
99,96,is-not-biased,100,llama4:scout,
204,925,is-biased,80,llama4:scout,
147,610,is-not-biased,80,llama4:scout,
268,2014,is-biased,80,llama4:scout,
144,611,is-not-biased,90,llama4:scout,
98,926,is-not-biased,80,llama4:scout,
265,2015,is-biased,80,llama4:scout,
177,97,is-biased,70,llama4:scout,
159,98,is-not-biased,80,llama4:scout,
98,612,is-not-biased,80,llama4:scout,
33,927,is-not-biased,80,llama4:scout,
259,2016,is-biased,80,llama4:scout,
144,613,is-not-biased,90,llama4:scout,
3,739,is-not-biased,90,llama4:scout,
116,1828,is-biased,70,llama4:scout,
164,614,is-not-biased,100,llama4:scout,
136,740,is-not-biased,90,llama4:scout,
205,1829,is-not-biased,90,llama4:scout,
86,615,is-not-biased,100,llama4:scout,
102,741,is-not-biased,80,llama4:scout,
205,1830,is-not-biased,90,llama4:scout,
262,616,is-not-biased,80,llama4:scout,
113,742,is-biased,70,llama4:scout,
59,1831,is-not-biased,80,llama4:scout,
266,617,is-not-biased,90,llama4:scout,
106,743,is-not-biased,80,llama4:scout,
50,1832,is-biased,80,llama4:scout,
128,618,is-not-biased,90,llama4:scout,
82,744,is-not-biased,80,llama4:scout,
205,1833,is-not-biased,90,llama4:scout,
148,619,is-not-biased,100,llama4:scout,
230,745,is-not-biased,100,llama4:scout,
193,1834,is-not-biased,90,llama4:scout,
265,746,is-biased,80,llama4:scout,
11,620,is-not-biased,90,llama4:scout,
195,1835,is-not-biased,90,llama4:scout,
172,747,is-not-biased,90,llama4:scout,
205,1836,is-not-biased,90,llama4:scout,
259,622,is-biased,80,llama4:scout,
150,621,is-biased,80,llama4:scout,
287,748,is-not-biased,80,llama4:scout,
105,623,is-not-biased,80,llama4:scout,
115,1837,is-not-biased,90,llama4:scout,
121,749,is-not-biased,90,llama4:scout,
116,1838,is-biased,80,llama4:scout,
161,750,is-not-biased,80,llama4:scout,
86,624,is-not-biased,100,llama4:scout,
115,1839,is-not-biased,90,llama4:scout,
194,625,is-not-biased,100,llama4:scout,
241,752,is-not-biased,80,llama4:scout,
48,626,is-not-biased,80,llama4:scout,
110,1840,is-biased,80,llama4:scout,
285,751,is-biased,70,llama4:scout,
115,1841,is-not-biased,90,llama4:scout,
287,753,is-not-biased,80,llama4:scout,
76,627,is-not-biased,90,llama4:scout,
265,1842,is-biased,80,llama4:scout,
248,754,is-biased,70,llama4:scout,
1,628,is-biased,70,llama4:scout,
93,629,is-not-biased,80,llama4:scout,
162,755,is-not-biased,80,llama4:scout,
115,1844,is-not-biased,90,llama4:scout,
112,1843,is-biased,80,llama4:scout,
95,756,is-not-biased,90,llama4:scout,
59,1845,is-not-biased,80,llama4:scout,
105,631,is-not-biased,80,llama4:scout,
112,630,is-biased,80,llama4:scout,
159,757,is-not-biased,80,llama4:scout,
217,632,is-biased,80,llama4:scout,
110,1846,is-biased,80,llama4:scout,
152,758,is-biased,80,llama4:scout,
194,633,is-not-biased,100,llama4:scout,
265,1847,is-biased,80,llama4:scout,
199,759,is-not-biased,90,llama4:scout,
192,1848,is-not-biased,80,llama4:scout,
22,634,is-not-biased,80,llama4:scout,
193,1849,is-not-biased,90,llama4:scout,
27,760,is-biased,60,llama4:scout,
159,635,is-not-biased,80,llama4:scout,
288,761,is-biased,80,llama4:scout,
187,762,is-not-biased,100,llama4:scout,
142,636,is-biased,70,llama4:scout,
59,1850,is-not-biased,80,llama4:scout,
115,1851,is-not-biased,90,llama4:scout,
121,637,is-not-biased,90,llama4:scout,
222,1852,is-not-biased,100,llama4:scout,
252,763,is-not-biased,80,llama4:scout,
109,638,is-not-biased,80,llama4:scout,
116,1853,is-biased,80,llama4:scout,
274,764,is-biased,80,llama4:scout,
150,639,is-biased,80,llama4:scout,
159,765,is-not-biased,80,llama4:scout,
54,1854,is-not-biased,80,llama4:scout,
172,640,is-not-biased,90,llama4:scout,
123,766,is-not-biased,80,llama4:scout,
60,1855,is-not-biased,80,llama4:scout,
125,641,is-not-biased,90,llama4:scout,
195,1856,is-not-biased,90,llama4:scout,
150,767,is-biased,80,llama4:scout,
153,642,is-not-biased,90,llama4:scout,
248,768,is-biased,70,llama4:scout,
111,1857,is-biased,80,llama4:scout,
172,643,is-not-biased,90,llama4:scout,
113,769,is-biased,70,llama4:scout,
278,1858,is-biased,70,llama4:scout,
161,644,is-not-biased,80,llama4:scout,
142,770,is-biased,70,llama4:scout,
116,1859,is-biased,70,llama4:scout,
203,645,is-not-biased,100,llama4:scout,
157,771,is-biased,60,llama4:scout,
207,1860,is-biased,80,llama4:scout,
156,646,is-not-biased,80,llama4:scout,
29,772,is-biased,80,llama4:scout,
114,1861,is-not-biased,90,llama4:scout,
58,647,is-not-biased,80,llama4:scout,
7,773,is-biased,60,llama4:scout,
205,1862,is-not-biased,90,llama4:scout,
87,648,is-not-biased,80,llama4:scout,
170,774,is-not-biased,90,llama4:scout,
114,1863,is-not-biased,90,llama4:scout,
21,775,is-not-biased,80,llama4:scout,
179,649,is-not-biased,80,llama4:scout,
276,1864,is-not-biased,90,llama4:scout,
138,650,is-not-biased,80,llama4:scout,
90,776,is-biased,80,llama4:scout,
115,1865,is-not-biased,90,llama4:scout,
7,651,is-biased,60,llama4:scout,
265,1866,is-biased,80,llama4:scout,
158,652,is-not-biased,90,llama4:scout,
156,777,is-not-biased,80,llama4:scout,
76,778,is-not-biased,90,llama4:scout,
234,653,is-not-biased,100,llama4:scout,
59,1867,is-not-biased,80,llama4:scout,
66,779,is-not-biased,90,llama4:scout,
114,1868,is-not-biased,90,llama4:scout,
90,654,is-biased,80,llama4:scout,
194,780,is-not-biased,100,llama4:scout,
215,1869,is-not-biased,90,llama4:scout,
116,655,is-biased,70,llama4:scout,
119,781,is-not-biased,80,llama4:scout,
113,1870,is-biased,70,llama4:scout,
115,656,is-not-biased,90,llama4:scout,
80,782,is-not-biased,80,llama4:scout,
28,1871,is-not-biased,80,llama4:scout,
261,657,is-not-biased,90,llama4:scout,
157,783,is-biased,60,llama4:scout,
207,1872,is-biased,80,llama4:scout,
140,658,is-biased,70,llama4:scout,
230,784,is-not-biased,100,llama4:scout,
59,1873,is-not-biased,80,llama4:scout,
210,659,is-not-biased,80,llama4:scout,
105,785,is-not-biased,80,llama4:scout,
62,1874,is-not-biased,80,llama4:scout,
121,660,is-not-biased,90,llama4:scout,
54,1875,is-not-biased,80,llama4:scout,
172,786,is-not-biased,90,llama4:scout,
281,661,is-not-biased,90,llama4:scout,
134,787,is-biased,60,llama4:scout,
112,1876,is-biased,80,llama4:scout,
105,662,is-not-biased,80,llama4:scout,
168,788,is-biased,70,llama4:scout,
52,1877,is-not-biased,80,llama4:scout,
121,663,is-not-biased,90,llama4:scout,
193,1878,is-not-biased,90,llama4:scout,
118,789,is-not-biased,80,llama4:scout,
247,664,is-not-biased,90,llama4:scout,
182,790,is-not-biased,80,llama4:scout,
115,1879,is-not-biased,90,llama4:scout,
125,665,is-not-biased,90,llama4:scout,
63,791,is-not-biased,80,llama4:scout,
114,1880,is-not-biased,90,llama4:scout,
58,666,is-not-biased,80,llama4:scout,
122,792,is-biased,70,llama4:scout,
116,1881,is-biased,80,llama4:scout,
146,667,is-not-biased,90,llama4:scout,
22,793,is-not-biased,80,llama4:scout,
110,1882,is-biased,80,llama4:scout,
230,794,is-not-biased,100,llama4:scout,
211,1883,is-biased,80,llama4:scout,
198,669,is-not-biased,90,llama4:scout,
253,795,is-not-biased,80,llama4:scout,
12,668,is-not-biased,90,llama4:scout,
61,1884,is-biased,70,llama4:scout,
176,670,is-biased,80,llama4:scout,
230,671,is-not-biased,100,llama4:scout,
114,1885,is-not-biased,90,llama4:scout,
156,796,is-not-biased,80,llama4:scout,
233,797,is-not-biased,80,llama4:scout,
140,672,is-biased,70,llama4:scout,
86,798,is-not-biased,100,llama4:scout,
54,1886,is-not-biased,80,llama4:scout,
84,673,is-not-biased,80,llama4:scout,
216,799,is-not-biased,90,llama4:scout,
0,1888,is-not-biased,80,llama4:scout,
35,1887,is-not-biased,90,llama4:scout,
196,674,is-biased,80,llama4:scout,
268,1889,is-biased,80,llama4:scout,
85,800,is-not-biased,100,llama4:scout,
101,675,is-not-biased,100,llama4:scout,
226,801,is-not-biased,90,llama4:scout,
159,1291,is-not-biased,80,llama4:scout,
113,1890,is-biased,70,llama4:scout,
149,210,is-not-biased,90,llama4:scout,
29,1102,is-biased,80,llama4:scout,
286,1417,is-not-biased,90,llama4:scout,
20,356,is-biased,60,llama4:scout,
29,211,is-biased,80,llama4:scout,
160,357,is-not-biased,80,llama4:scout,
221,1292,is-not-biased,100,llama4:scout,
283,1103,is-biased,80,llama4:scout,
76,1418,is-not-biased,90,llama4:scout,
282,212,is-not-biased,90,llama4:scout,
123,358,is-not-biased,80,llama4:scout,
59,1104,is-not-biased,80,llama4:scout,
103,1293,is-not-biased,100,llama4:scout,
59,1419,is-not-biased,80,llama4:scout,
169,213,is-biased,80,llama4:scout,
116,359,is-biased,70,llama4:scout,
81,1105,is-not-biased,100,llama4:scout,
19,1294,is-not-biased,100,llama4:scout,
75,1420,is-not-biased,100,llama4:scout,
105,214,is-not-biased,80,llama4:scout,
263,360,is-not-biased,80,llama4:scout,
160,1295,is-not-biased,80,llama4:scout,
255,1106,is-not-biased,90,llama4:scout,
76,215,is-not-biased,90,llama4:scout,
132,1421,is-biased,60,llama4:scout,
98,1107,is-not-biased,80,llama4:scout,
171,361,is-not-biased,80,llama4:scout,
223,1296,is-not-biased,80,llama4:scout,
195,1422,is-not-biased,90,llama4:scout,
154,216,is-not-biased,90,llama4:scout,
175,1108,is-not-biased,80,llama4:scout,
25,362,is-biased,70,llama4:scout,
141,1297,is-not-biased,80,llama4:scout,
230,1423,is-not-biased,100,llama4:scout,
162,1109,is-not-biased,80,llama4:scout,
20,217,is-biased,60,llama4:scout,
122,363,is-biased,70,llama4:scout,
281,1424,is-not-biased,90,llama4:scout,
171,1298,is-not-biased,80,llama4:scout,
77,218,is-not-biased,100,llama4:scout,
114,364,is-not-biased,90,llama4:scout,
233,1110,is-biased,80,llama4:scout,
157,1299,is-biased,60,llama4:scout,
182,219,is-not-biased,80,llama4:scout,
104,1425,is-biased,80,llama4:scout,
101,365,is-not-biased,100,llama4:scout,
42,1111,is-not-biased,100,llama4:scout,
164,1426,is-not-biased,100,llama4:scout,
20,1300,is-biased,60,llama4:scout,
168,220,is-biased,70,llama4:scout,
40,366,is-biased,70,llama4:scout,
118,1112,is-not-biased,80,llama4:scout,
154,1301,is-not-biased,90,llama4:scout,
223,1427,is-not-biased,80,llama4:scout,
220,367,is-not-biased,100,llama4:scout,
152,221,is-biased,80,llama4:scout,
251,1113,is-not-biased,100,llama4:scout,
235,1302,is-not-biased,90,llama4:scout,
148,1428,is-not-biased,100,llama4:scout,
90,222,is-biased,80,llama4:scout,
97,368,is-not-biased,100,llama4:scout,
97,1114,is-not-biased,100,llama4:scout,
140,1303,is-biased,70,llama4:scout,
155,1429,is-not-biased,100,llama4:scout,
169,1304,is-biased,80,llama4:scout,
192,369,is-not-biased,80,llama4:scout,
72,223,is-not-biased,80,llama4:scout,
75,1115,is-not-biased,100,llama4:scout,
70,1305,is-not-biased,100,llama4:scout,
256,224,is-biased,80,llama4:scout,
133,1430,is-not-biased,80,llama4:scout,
263,370,is-not-biased,80,llama4:scout,
63,1306,is-not-biased,80,llama4:scout,
145,1116,is-biased,80,llama4:scout,
121,1431,is-not-biased,90,llama4:scout,
153,245,is-not-biased,80,llama4:scout,
144,419,is-not-biased,90,llama4:scout,
193,1117,is-not-biased,90,llama4:scout,
129,1432,is-not-biased,90,llama4:scout,
5,1307,is-not-biased,80,llama4:scout,
240,246,is-not-biased,90,llama4:scout,
121,1118,is-not-biased,80,llama4:scout,
156,420,is-not-biased,80,llama4:scout,
114,1433,is-not-biased,90,llama4:scout,
38,1308,is-not-biased,90,llama4:scout,
139,421,is-biased,80,llama4:scout,
243,247,is-not-biased,100,llama4:scout,
98,1119,is-not-biased,80,llama4:scout,
112,1434,is-biased,80,llama4:scout,
170,248,is-not-biased,90,llama4:scout,
209,1309,is-not-biased,90,llama4:scout,
233,422,is-biased,80,llama4:scout,
263,1120,is-not-biased,80,llama4:scout,
24,1310,is-not-biased,100,llama4:scout,
109,1435,is-not-biased,80,llama4:scout,
101,249,is-not-biased,100,llama4:scout,
200,423,is-not-biased,90,llama4:scout,
263,1121,is-not-biased,80,llama4:scout,
159,1436,is-not-biased,80,llama4:scout,
240,1311,is-not-biased,90,llama4:scout,
186,250,is-not-biased,100,llama4:scout,
7,1122,is-biased,60,llama4:scout,
62,424,is-not-biased,80,llama4:scout,
94,1437,is-not-biased,80,llama4:scout,
101,1312,is-not-biased,100,llama4:scout,
248,251,is-biased,70,llama4:scout,
146,425,is-not-biased,90,llama4:scout,
94,1123,is-not-biased,80,llama4:scout,
204,1438,is-biased,80,llama4:scout,
178,1313,is-not-biased,90,llama4:scout,
253,252,is-not-biased,80,llama4:scout,
22,426,is-not-biased,80,llama4:scout,
102,1124,is-not-biased,80,llama4:scout,
65,1314,is-biased,80,llama4:scout,
161,1439,is-not-biased,80,llama4:scout,
246,253,is-not-biased,90,llama4:scout,
130,427,is-not-biased,80,llama4:scout,
173,1440,is-biased,80,llama4:scout,
22,1125,is-not-biased,80,llama4:scout,
239,1315,is-not-biased,80,llama4:scout,
181,254,is-not-biased,100,llama4:scout,
161,428,is-not-biased,80,llama4:scout,
7,1126,is-biased,60,llama4:scout,
282,1441,is-not-biased,90,llama4:scout,
184,1316,is-not-biased,90,llama4:scout,
199,255,is-not-biased,90,llama4:scout,
134,429,is-biased,60,llama4:scout,
92,1127,is-not-biased,100,llama4:scout,
268,1442,is-biased,80,llama4:scout,
69,1317,is-biased,80,llama4:scout,
284,256,is-biased,80,llama4:scout,
212,430,is-biased,80,llama4:scout,
70,1128,is-not-biased,90,llama4:scout,
186,1443,is-not-biased,100,llama4:scout,
105,1318,is-not-biased,80,llama4:scout,
154,257,is-not-biased,90,llama4:scout,
182,431,is-not-biased,80,llama4:scout,
183,1129,is-not-biased,100,llama4:scout,
157,1444,is-biased,60,llama4:scout,
195,1319,is-not-biased,90,llama4:scout,
240,258,is-not-biased,90,llama4:scout,
242,432,is-not-biased,90,llama4:scout,
224,1130,is-not-biased,80,llama4:scout,
101,1445,is-not-biased,100,llama4:scout,
189,1320,is-not-biased,80,llama4:scout,
63,259,is-not-biased,80,llama4:scout,
57,433,is-not-biased,100,llama4:scout,
123,1131,is-not-biased,80,llama4:scout,
121,260,is-not-biased,90,llama4:scout,
109,1446,is-not-biased,80,llama4:scout,
110,434,is-biased,80,llama4:scout,
112,1321,is-biased,80,llama4:scout,
98,1447,is-not-biased,90,llama4:scout,
251,1132,is-not-biased,100,llama4:scout,
76,1322,is-not-biased,90,llama4:scout,
72,261,is-not-biased,80,llama4:scout,
86,1133,is-not-biased,100,llama4:scout,
122,1448,is-biased,70,llama4:scout,
98,1323,is-not-biased,90,llama4:scout,
279,262,is-biased,70,llama4:scout,
151,435,is-not-biased,90,llama4:scout,
203,436,is-not-biased,100,llama4:scout,
175,1134,is-not-biased,80,llama4:scout,
146,1449,is-not-biased,90,llama4:scout,
61,1324,is-biased,70,llama4:scout,
180,263,is-not-biased,80,llama4:scout,
22,437,is-not-biased,80,llama4:scout,
260,1135,is-biased,80,llama4:scout,
283,1450,is-biased,80,llama4:scout,
25,264,is-biased,70,llama4:scout,
245,438,is-biased,80,llama4:scout,
224,1136,is-not-biased,80,llama4:scout,
128,1325,is-not-biased,90,llama4:scout,
204,1451,is-biased,80,llama4:scout,
101,439,is-not-biased,100,llama4:scout,
58,265,is-not-biased,80,llama4:scout,
110,1137,is-biased,80,llama4:scout,
213,1326,is-not-biased,80,llama4:scout,
145,266,is-biased,80,llama4:scout,
145,440,is-biased,80,llama4:scout,
143,1452,is-biased,70,llama4:scout,
191,1138,is-biased,70,llama4:scout,
22,1327,is-not-biased,80,llama4:scout,
141,267,is-not-biased,80,llama4:scout,
253,441,is-not-biased,80,llama4:scout,
20,1453,is-biased,60,llama4:scout,
113,1139,is-biased,70,llama4:scout,
283,1328,is-biased,80,llama4:scout,
77,1454,is-not-biased,100,llama4:scout,
59,268,is-not-biased,80,llama4:scout,
130,442,is-not-biased,80,llama4:scout,
157,1140,is-biased,60,llama4:scout,
90,1329,is-biased,80,llama4:scout,
230,1455,is-not-biased,100,llama4:scout,
284,1330,is-biased,80,llama4:scout,
128,269,is-not-biased,90,llama4:scout,
58,1141,is-not-biased,80,llama4:scout,
59,1456,is-not-biased,80,llama4:scout,
34,1331,is-not-biased,80,llama4:scout,
83,443,is-biased,80,llama4:scout,
220,444,is-not-biased,100,llama4:scout,
277,270,is-not-biased,100,llama4:scout,
154,1142,is-not-biased,90,llama4:scout,
155,1457,is-not-biased,100,llama4:scout,
40,1332,is-biased,70,llama4:scout,
274,445,is-biased,80,llama4:scout,
258,1143,is-not-biased,90,llama4:scout,
131,271,is-biased,80,llama4:scout,
41,1458,is-not-biased,80,llama4:scout,
50,1333,is-biased,80,llama4:scout,
94,272,is-not-biased,80,llama4:scout,
187,446,is-not-biased,100,llama4:scout,
187,1144,is-not-biased,100,llama4:scout,
250,1459,is-not-biased,90,llama4:scout,
145,1334,is-biased,80,llama4:scout,
157,273,is-biased,60,llama4:scout,
139,447,is-biased,80,llama4:scout,
87,1460,is-not-biased,80,llama4:scout,
24,1145,is-not-biased,100,llama4:scout,
130,1335,is-not-biased,80,llama4:scout,
208,274,is-not-biased,90,llama4:scout,
201,448,is-not-biased,100,llama4:scout,
130,1461,is-not-biased,80,llama4:scout,
251,1146,is-not-biased,100,llama4:scout,
279,1336,is-biased,70,llama4:scout,
262,275,is-not-biased,80,llama4:scout,
239,449,is-not-biased,80,llama4:scout,
242,1147,is-not-biased,90,llama4:scout,
132,1510,is-biased,60,llama4:scout,
92,276,is-not-biased,100,llama4:scout,
267,450,is-not-biased,100,llama4:scout,
20,1337,is-biased,60,llama4:scout,
267,1148,is-not-biased,100,llama4:scout,
258,1511,is-not-biased,90,llama4:scout,
179,1338,is-not-biased,80,llama4:scout,
227,277,is-not-biased,95,llama4:scout,
101,451,is-not-biased,100,llama4:scout,
130,1512,is-not-biased,80,llama4:scout,
105,1339,is-not-biased,80,llama4:scout,
141,278,is-not-biased,80,llama4:scout,
120,1149,is-biased,80,llama4:scout,
167,452,is-not-biased,80,llama4:scout,
36,1150,is-biased,20,llama4:scout,
182,1513,is-not-biased,80,llama4:scout,
186,1340,is-not-biased,100,llama4:scout,
279,279,is-biased,70,llama4:scout,
56,453,is-not-biased,80,llama4:scout,
127,1151,is-not-biased,100,llama4:scout,
74,1514,is-not-biased,80,llama4:scout,
210,1341,is-not-biased,80,llama4:scout,
54,454,is-not-biased,80,llama4:scout,
152,280,is-biased,80,llama4:scout,
95,1152,is-not-biased,90,llama4:scout,
235,1342,is-not-biased,90,llama4:scout,
287,281,is-not-biased,80,llama4:scout,
132,1515,is-biased,60,llama4:scout,
277,455,is-not-biased,100,llama4:scout,
210,1153,is-not-biased,80,llama4:scout,
22,1343,is-not-biased,80,llama4:scout,
133,1516,is-not-biased,80,llama4:scout,
98,282,is-not-biased,90,llama4:scout,
78,456,is-not-biased,80,llama4:scout,
135,1154,is-not-biased,100,llama4:scout,
236,1517,is-not-biased,90,llama4:scout,
140,1344,is-biased,70,llama4:scout,
130,283,is-not-biased,80,llama4:scout,
121,1155,is-not-biased,90,llama4:scout,
39,457,is-not-biased,80,llama4:scout,
208,1518,is-not-biased,90,llama4:scout,
169,1345,is-biased,80,llama4:scout,
105,284,is-not-biased,80,llama4:scout,
74,458,is-not-biased,80,llama4:scout,
176,1156,is-biased,80,llama4:scout,
136,1519,is-not-biased,90,llama4:scout,
244,285,is-not-biased,90,llama4:scout,
166,1346,is-biased,70,llama4:scout,
223,459,is-not-biased,80,llama4:scout,
274,1157,is-biased,80,llama4:scout,
148,1347,is-not-biased,100,llama4:scout,
116,286,is-biased,70,llama4:scout,
99,460,is-not-biased,100,llama4:scout,
107,1158,is-not-biased,100,llama4:scout,
14,1520,is-biased,60,llama4:scout,
136,1521,is-not-biased,90,llama4:scout,
181,287,is-not-biased,90,llama4:scout,
112,1348,is-biased,80,llama4:scout,
162,461,is-not-biased,80,llama4:scout,
122,1159,is-biased,70,llama4:scout,
129,1522,is-not-biased,90,llama4:scout,
145,288,is-biased,80,llama4:scout,
234,462,is-not-biased,100,llama4:scout,
102,1160,is-not-biased,80,llama4:scout,
133,1523,is-not-biased,80,llama4:scout,
151,1349,is-biased,80,llama4:scout,
203,1350,is-not-biased,100,llama4:scout,
267,289,is-not-biased,100,llama4:scout,
76,463,is-not-biased,90,llama4:scout,
200,1161,is-not-biased,90,llama4:scout,
134,1351,is-biased,60,llama4:scout,
27,290,is-biased,60,llama4:scout,
132,1524,is-biased,60,llama4:scout,
144,464,is-not-biased,90,llama4:scout,
130,1525,is-not-biased,80,llama4:scout,
81,1352,is-not-biased,100,llama4:scout,
157,1162,is-biased,60,llama4:scout,
180,291,is-not-biased,80,llama4:scout,
183,465,is-not-biased,100,llama4:scout,
80,1526,is-not-biased,80,llama4:scout,
147,1163,is-not-biased,90,llama4:scout,
11,1353,is-not-biased,90,llama4:scout,
139,292,is-biased,80,llama4:scout,
114,1164,is-not-biased,90,llama4:scout,
24,466,is-not-biased,100,llama4:scout,
137,1527,is-not-biased,90,llama4:scout,
